8279,4269,60,4289,73,100000,20000000,50000,0.0003700923931708333,0.75,0.045,0.07,1003,3845,4960
8279,3136,436,7520,4110,10000,20000000,50000,0.0003700923931708333,0.75,0.045,0.07,16996,31233,34647
8279,2178,1677,4362,1853,10500,20000000,50000,0.5246331135813284,0.75,0.045,0.07,15658,25615,25673
8279,2248,1492,4803,2237,10500,20000000,50000,0.12995149343859222,0.75,0.045,0.07,14968,27302,26634
8279,2562,1351,5719,2668,10500,20000000,50000,0.01981333734650907,0.75,0.045,0.07,16302,28586,29888
8279,2704,812,6535,3447,10500,20000000,50000,0.0027281825552509286,0.75,0.045,0.07,15460,31039,31865
8279,3238,451,7470,3941,10500,20000000,50000,0.0003700923931708333,0.75,0.045,0.07,17001,30768,34141
8279,2126,1701,4455,1997,11000,20000000,50000,0.5246331135813284,0.75,0.045,0.07,15511,25880,26529
8279,2297,1461,4955,2149,11000,20000000,50000,0.12995149343859222,0.75,0.045,0.07,15432,27175,27123
8279,2568,1245,5674,2696,11000,20000000,50000,0.01981333734650907,0.75,0.045,0.07,15774,28397,29340
8279,2826,819,6610,3401,11000,20000000,50000,0.0027281825552509286,0.75,0.045,0.07,16219,30148,31964
8279,27,4,8276,6914,1000,20000000,50000,0.0003700923931708333,0.75,0.045,0.07,183,49872,49907
8279,3330,433,7501,3931,11000,20000000,50000,0.0003700923931708333,0.75,0.045,0.07,17300,30436,33690
8279,2149,1634,4357,1863,11500,20000000,50000,0.5246331135813284,0.75,0.045,0.07,15501,25952,25470
8279,2280,1452,4893,2223,11500,20000000,50000,0.12995149343859222,0.75,0.045,0.07,15450,27092,27067
8279,2454,1228,5527,2701,11500,20000000,50000,0.01981333734650907,0.75,0.045,0.07,15448,28787,29049
8279,2862,891,6564,3389,11500,20000000,50000,0.0027281825552509286,0.75,0.045,0.07,16176,30033,31945
8279,3313,425,7432,3870,11500,20000000,50000,0.0003700923931708333,0.75,0.045,0.07,17389,29838,33118
8279,1881,1369,2534,576,12000,20000000,50000,0.5246331135813284,0.75,0.045,0.07,12830,13701,14145
8279,2165,1395,3185,946,12000,20000000,50000,0.12995149343859222,0.75,0.045,0.07,13817,16968,16811
8279,2790,1261,4522,1562,12000,20000000,50000,0.01981333734650907,0.75,0.045,0.07,15633,20407,21625
8279,3308,925,6109,2570,12000,20000000,50000,0.0027281825552509286,0.75,0.045,0.07,16966,25106,27295
8279,1962,1512,5033,2600,1500,20000000,50000,0.5246331135813284,0.75,0.045,0.07,14061,30174,29874
8279,3654,498,7334,3659,12000,20000000,50000,0.0003700923931708333,0.75,0.045,0.07,18359,27424,32105
8279,1829,1387,2550,585,12500,20000000,50000,0.5246331135813284,0.75,0.045,0.07,12694,13765,14185
8279,2301,1338,3343,909,12500,20000000,50000,0.12995149343859222,0.75,0.045,0.07,13786,16310,16689
8279,2795,1243,4429,1461,12500,20000000,50000,0.01981333734650907,0.75,0.045,0.07,15306,19928,20865
8279,3377,967,6086,2474,12500,20000000,50000,0.0027281825552509286,0.75,0.045,0.07,17039,24342,26930
8279,3774,477,7338,3458,12500,20000000,50000,0.0003700923931708333,0.75,0.045,0.07,18648,26681,31027
8279,1853,1320,2562,546,13000,20000000,50000,0.5246331135813284,0.75,0.045,0.07,12963,13635,14358
8279,2142,1378,3217,925,13000,20000000,50000,0.12995149343859222,0.75,0.045,0.07,13497,16502,16481
8279,2689,1207,4355,1465,13000,20000000,50000,0.01981333734650907,0.75,0.045,0.07,14728,19670,20446
8279,3282,960,5965,2418,13000,20000000,50000,0.0027281825552509286,0.75,0.045,0.07,17084,24085,26100
8279,1739,1154,6470,4054,1500,20000000,50000,0.12995149343859222,0.75,0.045,0.07,12365,37235,37634
8279,3814,511,7309,3470,13000,20000000,50000,0.0003700923931708333,0.75,0.045,0.07,18794,26288,31016
8279,1721,1284,2378,535,13500,20000000,50000,0.5246331135813284,0.75,0.045,0.07,12070,14050,13633
8279,2239,1327,3205,832,13500,20000000,50000,0.12995149343859222,0.75,0.045,0.07,13776,15820,16496
8279,2847,1299,4425,1436,13500,20000000,50000,0.01981333734650907,0.75,0.045,0.07,15597,19339,20753
8279,3312,940,5869,2260,13500,20000000,50000,0.0027281825552509286,0.75,0.045,0.07,16217,23710,25115
8279,3995,527,7305,3231,13500,20000000,50000,0.0003700923931708333,0.75,0.045,0.07,18622,25564,30065
8279,1689,1267,2374,586,14000,20000000,50000,0.5246331135813284,0.75,0.045,0.07,11735,14001,13455
8279,2254,1358,3238,872,14000,20000000,50000,0.12995149343859222,0.75,0.045,0.07,13725,15928,16551
8279,2837,1258,4371,1414,14000,20000000,50000,0.01981333734650907,0.75,0.045,0.07,15225,19337,20186
8279,3280,916,5795,2358,14000,20000000,50000,0.0027281825552509286,0.75,0.045,0.07,16154,23001,24865
8279,985,535,7713,5656,1500,20000000,50000,0.01981333734650907,0.75,0.045,0.07,6985,43718,44969
8279,4040,515,7218,3232,14000,20000000,50000,0.0003700923931708333,0.75,0.045,0.07,18543,24787,29611
8279,1765,1279,2386,607,14500,20000000,50000,0.5246331135813284,0.75,0.045,0.07,12322,13905,13842
8279,2257,1319,3147,789,14500,20000000,50000,0.12995149343859222,0.75,0.045,0.07,13469,15436,15852
8279,2784,1314,4328,1374,14500,20000000,50000,0.01981333734650907,0.75,0.045,0.07,15051,19222,20247
8279,3415,964,5911,2251,14500,20000000,50000,0.0027281825552509286,0.75,0.045,0.07,16937,22662,25300
8279,3960,475,7149,3131,14500,20000000,50000,0.0003700923931708333,0.75,0.045,0.07,17922,24740,28746
8279,1735,1279,2395,595,15000,20000000,50000,0.5246331135813284,0.75,0.045,0.07,12379,13789,13526
8279,2243,1274,3227,839,15000,20000000,50000,0.12995149343859222,0.75,0.045,0.07,13571,15577,16051
8279,2791,1245,4289,1372,15000,20000000,50000,0.01981333734650907,0.75,0.045,0.07,15109,18793,19715
8279,3469,943,5832,2203,15000,20000000,50000,0.0027281825552509286,0.75,0.045,0.07,16698,22534,24639
8279,379,114,8193,6621,1500,20000000,50000,0.0027281825552509286,0.75,0.045,0.07,2591,48057,48735
8279,4187,525,7180,3045,15000,20000000,50000,0.0003700923931708333,0.75,0.045,0.07,18584,23750,28612
8279,1767,1311,2455,549,15500,20000000,50000,0.5246331135813284,0.75,0.045,0.07,12345,13745,13845
8279,2101,1385,3003,802,15500,20000000,50000,0.12995149343859222,0.75,0.045,0.07,13074,15889,15774
8279,2746,1253,4252,1263,15500,20000000,50000,0.01981333734650907,0.75,0.045,0.07,14792,18587,19629
8279,3388,946,5670,2225,15500,20000000,50000,0.0027281825552509286,0.75,0.045,0.07,16468,21901,24315
8279,4219,521,7140,2913,15500,20000000,50000,0.0003700923931708333,0.75,0.045,0.07,18524,23435,27709
8279,1821,1327,2471,524,16000,20000000,50000,0.5246331135813284,0.75,0.045,0.07,12096,13393,13765
8279,2200,1318,3120,820,16000,20000000,50000,0.12995149343859222,0.75,0.045,0.07,13099,15546,15966
8279,2840,1254,4245,1303,16000,20000000,50000,0.01981333734650907,0.75,0.045,0.07,15144,17998,19706
8279,3503,947,5704,2098,16000,20000000,50000,0.0027281825552509286,0.75,0.045,0.07,16512,21746,23830
8279,105,20,8260,6820,1500,20000000,50000,0.0003700923931708333,0.75,0.045,0.07,809,49436,49452
8279,4217,499,7090,2934,16000,20000000,50000,0.0003700923931708333,0.75,0.045,0.07,18080,23180,27420
8279,1704,1299,2318,527,16500,20000000,50000,0.5246331135813284,0.75,0.045,0.07,12478,13273,13526
8279,2146,1286,3026,822,16500,20000000,50000,0.12995149343859222,0.75,0.045,0.07,12897,15337,15456
8279,2678,1191,4064,1259,16500,20000000,50000,0.01981333734650907,0.75,0.045,0.07,14445,17958,18653
8279,3430,928,5627,2022,16500,20000000,50000,0.0027281825552509286,0.75,0.045,0.07,16307,21419,23259
8279,4373,525,7069,2824,16500,20000000,50000,0.0003700923931708333,0.75,0.045,0.07,18554,22728,27456
8279,1809,1249,2447,558,17000,20000000,50000,0.5246331135813284,0.75,0.045,0.07,12320,13507,13523
8279,2217,1286,3115,859,17000,20000000,50000,0.12995149343859222,0.75,0.045,0.07,13315,15487,15922
8279,2796,1165,4192,1199,17000,20000000,50000,0.01981333734650907,0.75,0.045,0.07,14587,18170,18758
8279,3442,923,5554,1980,17000,20000000,50000,0.0027281825552509286,0.75,0.045,0.07,16192,21318,22935
8279,2151,1654,5020,2313,2000,20000000,50000,0.5246331135813284,0.75,0.045,0.07,15364,28948,29032
8279,4343,514,7073,2772,17000,20000000,50000,0.0003700923931708333,0.75,0.045,0.07,18321,22353,26777
8279,1730,1269,2378,563,17500,20000000,50000,0.5246331135813284,0.75,0.045,0.07,12195,13508,13555
8279,2241,1262,3112,784,17500,20000000,50000,0.12995149343859222,0.75,0.045,0.07,13199,15274,15645
8279,2814,1211,4219,1282,17500,20000000,50000,0.01981333734650907,0.75,0.045,0.07,14447,17598,18966
8279,3406,959,5496,1866,17500,20000000,50000,0.0027281825552509286,0.75,0.045,0.07,15937,21012,22391
8279,4389,579,7053,2670,17500,20000000,50000,0.0003700923931708333,0.75,0.045,0.07,18003,21857,26396
8279,1829,1312,2463,559,18000,20000000,50000,0.5246331135813284,0.75,0.045,0.07,12571,13644,13790
8279,2105,1280,2973,756,18000,20000000,50000,0.12995149343859222,0.75,0.045,0.07,13374,15050,15386
8279,2764,1160,4117,1240,18000,20000000,50000,0.01981333734650907,0.75,0.045,0.07,14223,17870,18598
8279,3534,907,5570,2004,18000,20000000,50000,0.0027281825552509286,0.75,0.045,0.07,16223,20710,22953
8279,1980,1268,6164,3628,2000,20000000,50000,0.12995149343859222,0.75,0.045,0.07,13658,34890,35479
8279,4429,472,6999,2702,18000,20000000,50000,0.0003700923931708333,0.75,0.045,0.07,18093,21735,26183
8279,1796,1337,2444,566,18500,20000000,50000,0.5246331135813284,0.75,0.045,0.07,12307,13531,13814
8279,2147,1280,3005,746,18500,20000000,50000,0.12995149343859222,0.75,0.045,0.07,13239,14666,15404
8279,2764,1136,4115,1186,18500,20000000,50000,0.01981333734650907,0.75,0.045,0.07,14512,17315,18229
8279,3564,912,5537,1931,18500,20000000,50000,0.0027281825552509286,0.75,0.045,0.07,16241,20080,22539
8279,4420,535,6937,2590,18500,20000000,50000,0.0003700923931708333,0.75,0.045,0.07,17651,21394,25357
8279,1850,1335,2484,562,19000,20000000,50000,0.5246331135813284,0.75,0.045,0.07,12492,13371,13908
8279,2049,1279,2891,734,19000,20000000,50000,0.12995149343859222,0.75,0.045,0.07,12749,15170,15058
8279,2677,1173,4019,1150,19000,20000000,50000,0.01981333734650907,0.75,0.045,0.07,14021,17546,17944
8279,3539,896,5514,1884,19000,20000000,50000,0.0027281825552509286,0.75,0.045,0.07,16150,20239,22634
8279,1325,689,7376,5190,2000,20000000,50000,0.01981333734650907,0.75,0.045,0.07,9297,41323,42540
8279,4539,550,7000,2514,19000,20000000,50000,0.0003700923931708333,0.75,0.045,0.07,18035,20878,25741
8279,1603,1266,2239,542,19500,20000000,50000,0.5246331135813284,0.75,0.045,0.07,11877,13359,13265
8279,2226,1272,3051,736,19500,20000000,50000,0.12995149343859222,0.75,0.045,0.07,12920,15374,15357
8279,2795,1183,4099,1163,19500,20000000,50000,0.01981333734650907,0.75,0.045,0.07,13967,17523,17955
8279,3498,881,5402,1871,19500,20000000,50000,0.0027281825552509286,0.75,0.045,0.07,15512,20118,21590
8279,4532,548,6924,2514,19500,20000000,50000,0.0003700923931708333,0.75,0.045,0.07,17836,20582,25097
8279,1804,1379,2397,529,20000,20000000,50000,0.5246331135813284,0.75,0.045,0.07,12271,13201,13562
8279,2190,1237,3077,806,20000,20000000,50000,0.12995149343859222,0.75,0.045,0.07,13160,14742,15347
8279,2747,1136,3990,1126,20000,20000000,50000,0.01981333734650907,0.75,0.045,0.07,14140,17216,17914
8279,3386,875,5362,1863,20000,20000000,50000,0.0027281825552509286,0.75,0.045,0.07,15811,20443,21608
8279,703,203,8033,6258,2000,20000000,50000,0.0027281825552509286,0.75,0.045,0.07,5047,45970,46959
8279,1319,993,6304,4187,500,20000000,50000,0.5246331135813284,0.75,0.045,0.07,9774,39605,37533
8279,4603,529,6940,2385,20000,20000000,50000,0.0003700923931708333,0.75,0.045,0.07,17618,19914,24513
8279,1765,1332,2388,573,20500,20000000,50000,0.5246331135813284,0.75,0.045,0.07,12282,13288,13586
8279,2128,1289,3001,761,20500,20000000,50000,0.12995149343859222,0.75,0.045,0.07,12766,15088,15039
8279,2626,1194,3984,1169,20500,20000000,50000,0.01981333734650907,0.75,0.045,0.07,14215,17416,17977
8279,3531,909,5450,1732,20500,20000000,50000,0.0027281825552509286,0.75,0.045,0.07,15548,19850,21520
8279,4657,522,6912,2371,20500,20000000,50000,0.0003700923931708333,0.75,0.045,0.07,17656,19785,24475
8279,1689,1244,2284,491,21000,20000000,50000,0.5246331135813284,0.75,0.045,0.07,11657,13196,12974
8279,2176,1263,3047,728,21000,20000000,50000,0.12995149343859222,0.75,0.045,0.07,12716,14697,15136
8279,2755,1198,3968,1118,21000,20000000,50000,0.01981333734650907,0.75,0.045,0.07,14171,17086,17934
8279,3504,897,5287,1642,21000,20000000,50000,0.0027281825552509286,0.75,0.045,0.07,15668,19069,20873
8279,365,65,8222,6678,2000,20000000,50000,0.0003700923931708333,0.75,0.045,0.07,2869,47922,48673
8279,4623,505,6860,2308,21000,20000000,50000,0.0003700923931708333,0.75,0.045,0.07,17226,19694,24023
8279,1728,1291,2294,513,21500,20000000,50000,0.5246331135813284,0.75,0.045,0.07,11921,13057,13086
8279,2150,1280,3042,735,21500,20000000,50000,0.12995149343859222,0.75,0.045,0.07,12867,14722,15209
8279,2667,1186,3917,1080,21500,20000000,50000,0.01981333734650907,0.75,0.045,0.07,13985,16904,17649
8279,3572,930,5426,1727,21500,20000000,50000,0.0027281825552509286,0.75,0.045,0.07,15369,19308,21323
8279,4725,500,6909,2299,21500,20000000,50000,0.0003700923931708333,0.75,0.045,0.07,16965,19449,23652
8279,1688,1256,2319,534,22000,20000000,50000,0.5246331135813284,0.75,0.045,0.07,11864,13595,13215
8279,2095,1186,2880,737,22000,20000000,50000,0.12995149343859222,0.75,0.045,0.07,12524,15146,14465
8279,2676,1140,3896,1081,22000,20000000,50000,0.01981333734650907,0.75,0.045,0.07,13634,17021,17283
8279,3582,909,5334,1651,22000,20000000,50000,0.0027281825552509286,0.75,0.045,0.07,15302,18789,20898
8279,1912,1516,4701,2300,2500,20000000,50000,0.5246331135813284,0.75,0.045,0.07,14050,28529,27600
8279,4796,527,6870,2209,22000,20000000,50000,0.0003700923931708333,0.75,0.045,0.07,17261,19078,23664
8279,1816,1328,2446,520,22500,20000000,50000,0.5246331135813284,0.75,0.045,0.07,11986,13384,13375
8279,2133,1208,3024,765,22500,20000000,50000,0.12995149343859222,0.75,0.045,0.07,12859,14726,15172
8279,2696,1181,3896,1061,22500,20000000,50000,0.01981333734650907,0.75,0.045,0.07,14010,16705,17485
8279,3555,891,5337,1704,22500,20000000,50000,0.0027281825552509286,0.75,0.045,0.07,15651,18579,20847
8279,4694,532,6792,2198,22500,20000000,50000,0.0003700923931708333,0.75,0.045,0.07,16885,18954,23167
8279,1759,1311,2375,533,23000,20000000,50000,0.5246331135813284,0.75,0.045,0.07,12092,13707,13304
8279,2138,1242,3012,724,23000,20000000,50000,0.12995149343859222,0.75,0.045,0.07,12709,14906,15041
8279,2762,1155,3911,1036,23000,20000000,50000,0.01981333734650907,0.75,0.045,0.07,13865,16627,17241
8279,3611,949,5298,1621,23000,20000000,50000,0.0027281825552509286,0.75,0.045,0.07,15788,18293,20747
8279,2052,1326,6056,3356,2500,20000000,50000,0.12995149343859222,0.75,0.045,0.07,14599,33128,34619
8279,4684,511,6819,2274,23000,20000000,50000,0.0003700923931708333,0.75,0.045,0.07,16656,19126,23076
8279,1862,1325,2487,565,23500,20000000,50000,0.5246331135813284,0.75,0.045,0.07,12302,13366,13807
8279,2116,1237,2924,719,23500,20000000,50000,0.12995149343859222,0.75,0.045,0.07,12736,14693,14878
8279,2680,1171,3856,1036,23500,20000000,50000,0.01981333734650907,0.75,0.045,0.07,13582,16117,17037
8279,3582,865,5306,1597,23500,20000000,50000,0.0027281825552509286,0.75,0.045,0.07,15022,18260,20400
8279,4787,478,6781,2171,23500,20000000,50000,0.0003700923931708333,0.75,0.045,0.07,16690,18594,22713
8279,1147,759,1336,180,24000,20000000,50000,0.5246331135813284,0.75,0.045,0.07,7334,7111,7150
8279,1737,892,2084,285,24000,20000000,50000,0.12995149343859222,0.75,0.045,0.07,8554,8722,9092
8279,2380,882,3033,616,24000,20000000,50000,0.01981333734650907,0.75,0.045,0.07,10480,11738,12043
8279,3590,824,4778,1153,24000,20000000,50000,0.0027281825552509286,0.75,0.045,0.07,13142,14545,16553
8279,1687,837,6995,4449,2500,20000000,50000,0.01981333734650907,0.75,0.045,0.07,11684,38771,39152
8279,4960,505,6607,1922,24000,20000000,50000,0.0003700923931708333,0.75,0.045,0.07,16285,16219,21106
8279,1119,787,1298,161,24500,20000000,50000,0.5246331135813284,0.75,0.045,0.07,7558,7041,7078
8279,1687,915,1991,283,24500,20000000,50000,0.12995149343859222,0.75,0.045,0.07,8963,8613,9069
8279,2449,853,3016,496,24500,20000000,50000,0.01981333734650907,0.75,0.045,0.07,10389,11003,11730
8279,3681,824,4847,1091,24500,20000000,50000,0.0027281825552509286,0.75,0.045,0.07,13588,14749,16673
8279,5072,566,6608,1806,24500,20000000,50000,0.0003700923931708333,0.75,0.045,0.07,15935,15945,20898
8279,1153,755,1358,154,25000,20000000,50000,0.5246331135813284,0.75,0.045,0.07,7404,6985,7143
8279,1607,837,1933,264,25000,20000000,50000,0.12995149343859222,0.75,0.045,0.07,8786,8967,8885
8279,2449,895,2990,556,25000,20000000,50000,0.01981333734650907,0.75,0.045,0.07,10375,10872,11682
8279,3604,830,4753,1158,25000,20000000,50000,0.0027281825552509286,0.75,0.045,0.07,13177,14142,16255
8279,999,315,7871,5851,2500,20000000,50000,0.0027281825552509286,0.75,0.045,0.07,7217,44105,45012
8279,4986,496,6575,1862,25000,20000000,50000,0.0003700923931708333,0.75,0.045,0.07,15698,15831,20448
8279,1213,852,1399,139,25500,20000000,50000,0.5246331135813284,0.75,0.045,0.07,7585,6875,7365
8279,1571,853,1890,286,25500,20000000,50000,0.12995149343859222,0.75,0.045,0.07,8517,8926,8666
8279,2362,908,2952,559,25500,20000000,50000,0.01981333734650907,0.75,0.045,0.07,10318,11091,11663
8279,3651,831,4748,1138,25500,20000000,50000,0.0027281825552509286,0.75,0.045,0.07,13059,14089,16251
8279,4900,505,6565,1785,25500,20000000,50000,0.0003700923931708333,0.75,0.045,0.07,15242,15816,20001
8279,1172,780,1331,153,26000,20000000,50000,0.5246331135813284,0.75,0.045,0.07,7460,6689,6966
8279,1656,931,1986,292,26000,20000000,50000,0.12995149343859222,0.75,0.045,0.07,9027,8497,9281
8279,2476,891,3049,537,26000,20000000,50000,0.01981333734650907,0.75,0.045,0.07,10448,11019,11712
8279,3639,802,4739,1086,26000,20000000,50000,0.0027281825552509286,0.75,0.045,0.07,12992,13887,15995
8279,686,99,8178,6446,2500,20000000,50000,0.0003700923931708333,0.75,0.045,0.07,4739,46382,47639
8279,4975,523,6509,1693,26000,20000000,50000,0.0003700923931708333,0.75,0.045,0.07,15128,15324,19859
8279,1183,811,1333,173,26500,20000000,50000,0.5246331135813284,0.75,0.045,0.07,7519,6953,7241
8279,1604,848,1922,264,26500,20000000,50000,0.12995149343859222,0.75,0.045,0.07,8539,8552,8739
8279,2429,939,2999,574,26500,20000000,50000,0.01981333734650907,0.75,0.045,0.07,10350,10563,11616
8279,3641,779,4707,1070,26500,20000000,50000,0.0027281825552509286,0.75,0.045,0.07,13001,13779,15807
8279,5072,483,6568,1729,26500,20000000,50000,0.0003700923931708333,0.75,0.045,0.07,15267,15167,19838
8279,1120,777,1291,148,27000,20000000,50000,0.5246331135813284,0.75,0.045,0.07,7296,7236,6867
8279,1612,844,1921,291,27000,20000000,50000,0.12995149343859222,0.75,0.045,0.07,8434,8402,8697
8279,2373,849,2962,549,27000,20000000,50000,0.01981333734650907,0.75,0.045,0.07,10247,10695,11468
8279,3646,804,4683,1066,27000,20000000,50000,0.0027281825552509286,0.75,0.045,0.07,12612,13638,15693
8279,2039,1537,4589,2187,3000,20000000,50000,0.5246331135813284,0.75,0.045,0.07,14785,27510,26847
8279,5039,473,6527,1586,27000,20000000,50000,0.0003700923931708333,0.75,0.045,0.07,14589,14835,19313
8279,1111,761,1305,142,27500,20000000,50000,0.5246331135813284,0.75,0.045,0.07,7365,7146,6900
8279,1607,818,1925,264,27500,20000000,50000,0.12995149343859222,0.75,0.045,0.07,8577,8289,8572
8279,2381,843,2947,517,27500,20000000,50000,0.01981333734650907,0.75,0.045,0.07,9824,10860,11226
8279,3665,782,4679,1037,27500,20000000,50000,0.0027281825552509286,0.75,0.045,0.07,12397,13537,15412
8279,5063,514,6505,1579,27500,20000000,50000,0.0003700923931708333,0.75,0.045,0.07,14627,14798,19155
8279,1162,818,1336,159,28000,20000000,50000,0.5246331135813284,0.75,0.045,0.07,7241,6923,7068
8279,1660,877,1977,276,28000,20000000,50000,0.12995149343859222,0.75,0.045,0.07,8611,8628,8875
8279,2354,902,2938,524,28000,20000000,50000,0.01981333734650907,0.75,0.045,0.07,10072,10601,11431
8279,3627,835,4576,908,28000,20000000,50000,0.0027281825552509286,0.75,0.045,0.07,12262,12738,14947
8279,2115,1478,5802,3024,3000,20000000,50000,0.12995149343859222,0.75,0.045,0.07,15444,31358,33258
8279,5034,506,6410,1550,28000,20000000,50000,0.0003700923931708333,0.75,0.045,0.07,14184,14534,18736
8279,1182,809,1373,147,28500,20000000,50000,0.5246331135813284,0.75,0.045,0.07,7471,6993,7132
8279,1618,825,1946,251,28500,20000000,50000,0.12995149343859222,0.75,0.045,0.07,8330,8372,8601
8279,2381,890,2901,450,28500,20000000,50000,0.01981333734650907,0.75,0.045,0.07,9822,10321,11149
8279,3656,758,4645,1015,28500,20000000,50000,0.0027281825552509286,0.75,0.045,0.07,12152,13204,15255
8279,5092,468,6420,1552,28500,20000000,50000,0.0003700923931708333,0.75,0.045,0.07,14372,14254,18608
8279,1084,782,1256,164,29000,20000000,50000,0.5246331135813284,0.75,0.045,0.07,7125,7054,6868
8279,1574,854,1871,253,29000,20000000,50000,0.12995149343859222,0.75,0.045,0.07,8310,8512,8500
8279,2342,907,2913,508,29000,20000000,50000,0.01981333734650907,0.75,0.045,0.07,10054,10539,11148
8279,3495,728,4467,982,29000,20000000,50000,0.0027281825552509286,0.75,0.045,0.07,11895,13196,14781
8279,1774,969,6875,4324,3000,20000000,50000,0.01981333734650907,0.75,0.045,0.07,12483,37376,38600
8279,5149,471,6431,1551,29000,20000000,50000,0.0003700923931708333,0.75,0.045,0.07,14297,14066,18341
8279,1103,856,1280,169,29500,20000000,50000,0.5246331135813284,0.75,0.045,0.07,7329,6811,7104
8279,1641,790,1946,268,29500,20000000,50000,0.12995149343859222,0.75,0.045,0.07,8261,8284,8450
8279,2372,915,2928,529,29500,20000000,50000,0.01981333734650907,0.75,0.045,0.07,10099,10477,11303
8279,3538,779,4480,973,29500,20000000,50000,0.0027281825552509286,0.75,0.045,0.07,11961,12860,14632
8279,5139,469,6398,1530,29500,20000000,50000,0.0003700923931708333,0.75,0.045,0.07,14273,13831,18323
8279,1139,731,1304,154,30000,20000000,50000,0.5246331135813284,0.75,0.045,0.07,7195,7069,6848
8279,1678,859,1962,251,30000,20000000,50000,0.12995149343859222,0.75,0.045,0.07,8525,8207,8578
8279,2378,823,2889,458,30000,20000000,50000,0.01981333734650907,0.75,0.045,0.07,9653,10287,10659
8279,3600,766,4499,898,30000,20000000,50000,0.0027281825552509286,0.75,0.045,0.07,12023,12820,14537
8279,1409,445,7711,5486,3000,20000000,50000,0.0027281825552509286,0.75,0.045,0.07,9140,42212,43459
8279,501,310,7962,6315,500,20000000,50000,0.12995149343859222,0.75,0.045,0.07,3600,47139,47777
8279,5131,453,6359,1454,30000,20000000,50000,0.0003700923931708333,0.75,0.045,0.07,13686,13749,17750
8279,1112,792,1309,144,30500,20000000,50000,0.5246331135813284,0.75,0.045,0.07,7311,7179,6944
8279,1605,882,1901,271,30500,20000000,50000,0.12995149343859222,0.75,0.045,0.07,8235,8303,8555
8279,2356,812,2914,486,30500,20000000,50000,0.01981333734650907,0.75,0.045,0.07,9908,10534,10888
8279,3512,757,4471,924,30500,20000000,50000,0.0027281825552509286,0.75,0.045,0.07,11656,12812,14499
8279,5143,465,6371,1478,30500,20000000,50000,0.0003700923931708333,0.75,0.045,0.07,13859,13569,17961
8279,1117,830,1301,148,31000,20000000,50000,0.5246331135813284,0.75,0.045,0.07,7304,6979,6966
8279,1546,863,1834,234,31000,20000000,50000,0.12995149343859222,0.75,0.045,0.07,8374,8068,8357
8279,2371,822,2922,474,31000,20000000,50000,0.01981333734650907,0.75,0.045,0.07,9720,10238,10906
8279,3680,742,4606,899,31000,20000000,50000,0.0027281825552509286,0.75,0.045,0.07,11740,12401,14581
8279,1057,147,8135,6260,3000,20000000,50000,0.0003700923931708333,0.75,0.045,0.07,6928,44579,46651
8279,5134,478,6302,1380,31000,20000000,50000,0.0003700923931708333,0.75,0.045,0.07,13532,13091,17420
8279,1102,834,1275,139,31500,20000000,50000,0.5246331135813284,0.75,0.045,0.07,7160,7094,6997
8279,1592,788,1878,254,31500,20000000,50000,0.12995149343859222,0.75,0.045,0.07,8271,8310,8519
8279,2409,831,2897,503,31500,20000000,50000,0.01981333734650907,0.75,0.045,0.07,9569,10218,10739
8279,3582,691,4495,870,31500,20000000,50000,0.0027281825552509286,0.75,0.045,0.07,11552,12661,14084
8279,5123,450,6276,1434,31500,20000000,50000,0.0003700923931708333,0.75,0.045,0.07,13426,13289,17396
8279,1070,766,1245,147,32000,20000000,50000,0.5246331135813284,0.75,0.045,0.07,7024,6836,6692
8279,1603,845,1880,262,32000,20000000,50000,0.12995149343859222,0.75,0.045,0.07,8019,8362,8506
8279,2322,771,2798,485,32000,20000000,50000,0.01981333734650907,0.75,0.045,0.07,9615,9966,10579
8279,3565,692,4422,856,32000,20000000,50000,0.0027281825552509286,0.75,0.045,0.07,11429,12194,14064
8279,2205,1628,4603,2090,3500,20000000,50000,0.5246331135813284,0.75,0.045,0.07,15876,27182,26930
8279,5163,430,6257,1316,32000,20000000,50000,0.0003700923931708333,0.75,0.045,0.07,13388,12845,17106
8279,1084,791,1270,151,32500,20000000,50000,0.5246331135813284,0.75,0.045,0.07,7111,7240,6926
8279,1574,823,1879,277,32500,20000000,50000,0.12995149343859222,0.75,0.045,0.07,8250,8294,8463
8279,2268,808,2776,410,32500,20000000,50000,0.01981333734650907,0.75,0.045,0.07,9215,10071,10340
8279,3552,746,4416,818,32500,20000000,50000,0.0027281825552509286,0.75,0.045,0.07,11578,12161,14057
8279,5176,431,6241,1294,32500,20000000,50000,0.0003700923931708333,0.75,0.045,0.07,13322,12941,16931
8279,1130,789,1282,145,33000,20000000,50000,0.5246331135813284,0.75,0.045,0.07,7368,6863,6868
8279,1544,814,1821,259,33000,20000000,50000,0.12995149343859222,0.75,0.045,0.07,8066,8140,8254
8279,2332,890,2804,449,33000,20000000,50000,0.01981333734650907,0.75,0.045,0.07,9633,9740,10674
8279,3639,696,4447,853,33000,20000000,50000,0.0027281825552509286,0.75,0.045,0.07,11401,11761,13832
8279,2205,1398,5619,2985,3500,20000000,50000,0.12995149343859222,0.75,0.045,0.07,14937,31100,31918
8279,5089,443,6226,1245,33000,20000000,50000,0.0003700923931708333,0.75,0.045,0.07,12940,12807,16572
8279,1133,791,1296,160,33500,20000000,50000,0.5246331135813284,0.75,0.045,0.07,7468,6843,6913
8279,1643,837,1932,251,33500,20000000,50000,0.12995149343859222,0.75,0.045,0.07,8457,8160,8762
8279,2339,837,2809,471,33500,20000000,50000,0.01981333734650907,0.75,0.045,0.07,9605,9777,10632
8279,3532,736,4374,794,33500,20000000,50000,0.0027281825552509286,0.75,0.045,0.07,11124,11887,13479
8279,5156,427,6229,1286,33500,20000000,50000,0.0003700923931708333,0.75,0.045,0.07,12625,12756,16514
8279,1179,842,1350,143,34000,20000000,50000,0.5246331135813284,0.75,0.045,0.07,7675,6810,7181
8279,1603,824,1893,237,34000,20000000,50000,0.12995149343859222,0.75,0.045,0.07,8088,7951,8187
8279,2368,807,2831,463,34000,20000000,50000,0.01981333734650907,0.75,0.045,0.07,9392,9626,10452
8279,3574,722,4370,748,34000,20000000,50000,0.0027281825552509286,0.75,0.045,0.07,11309,11813,13506
8279,1984,958,6729,4071,3500,20000000,50000,0.01981333734650907,0.75,0.045,0.07,13457,35889,37042
8279,5122,456,6221,1274,34000,20000000,50000,0.0003700923931708333,0.75,0.045,0.07,12620,12689,16405
8279,1147,787,1308,157,34500,20000000,50000,0.5246331135813284,0.75,0.045,0.07,7359,6725,7131
8279,1496,799,1750,258,34500,20000000,50000,0.12995149343859222,0.75,0.045,0.07,7967,7928,8088
8279,2229,865,2723,461,34500,20000000,50000,0.01981333734650907,0.75,0.045,0.07,9661,9704,10349
8279,3569,692,4374,794,34500,20000000,50000,0.0027281825552509286,0.75,0.045,0.07,11162,11607,13388
8279,5156,433,6223,1243,34500,20000000,50000,0.0003700923931708333,0.75,0.045,0.07,12529,12305,16387
8279,1198,823,1358,149,35000,20000000,50000,0.5246331135813284,0.75,0.045,0.07,7458,6912,7159
8279,1569,803,1834,256,35000,20000000,50000,0.12995149343859222,0.75,0.045,0.07,8003,8150,8223
8279,2293,840,2748,495,35000,20000000,50000,0.01981333734650907,0.75,0.045,0.07,9168,9716,10379
8279,3483,712,4296,803,35000,20000000,50000,0.0027281825552509286,0.75,0.045,0.07,10761,11747,13254
8279,1557,504,7566,5185,3500,20000000,50000,0.0027281825552509286,0.75,0.045,0.07,10052,41075,41802
8279,5172,441,6154,1222,35000,20000000,50000,0.0003700923931708333,0.75,0.045,0.07,12481,12155,16193
8279,1090,803,1260,160,35500,20000000,50000,0.5246331135813284,0.75,0.045,0.07,6969,6923,6733
8279,1471,796,1758,231,35500,20000000,50000,0.12995149343859222,0.75,0.045,0.07,7963,7745,8001
8279,2326,817,2811,427,35500,20000000,50000,0.01981333734650907,0.75,0.045,0.07,9218,9518,10105
8279,3495,733,4338,817,35500,20000000,50000,0.0027281825552509286,0.75,0.045,0.07,11013,11596,13446
8279,5163,416,6219,1218,35500,20000000,50000,0.0003700923931708333,0.75,0.045,0.07,12361,12243,16095
8279,699,452,759,40,36000,20000000,50000,0.5246331135813284,0.75,0.045,0.07,4067,3742,3631
8279,1169,519,1268,105,36000,20000000,50000,0.12995149343859222,0.75,0.045,0.07,4959,4750,5034
8279,2048,634,2268,270,36000,20000000,50000,0.01981333734650907,0.75,0.045,0.07,6975,6792,7572
8279,3424,597,4007,585,36000,20000000,50000,0.0027281825552509286,0.75,0.045,0.07,9104,9294,11102
8279,1219,197,8065,5944,3500,20000000,50000,0.0003700923931708333,0.75,0.045,0.07,7995,43343,44988
8279,5272,398,6041,1046,36000,20000000,50000,0.0003700923931708333,0.75,0.045,0.07,11481,10639,14826
8279,683,451,741,47,36500,20000000,50000,0.5246331135813284,0.75,0.045,0.07,4136,3788,3715
8279,1140,485,1244,93,36500,20000000,50000,0.12995149343859222,0.75,0.045,0.07,4774,4886,4783
8279,1979,545,2225,273,36500,20000000,50000,0.01981333734650907,0.75,0.045,0.07,6484,6951,6987
8279,3497,641,4029,610,36500,20000000,50000,0.0027281825552509286,0.75,0.045,0.07,8885,8903,11127
8279,5219,405,6044,1093,36500,20000000,50000,0.0003700923931708333,0.75,0.045,0.07,11040,10704,14841
8279,722,463,778,48,37000,20000000,50000,0.5246331135813284,0.75,0.045,0.07,4269,3747,3834
8279,1109,449,1215,103,37000,20000000,50000,0.12995149343859222,0.75,0.045,0.07,4920,4616,4827
8279,1996,557,2199,250,37000,20000000,50000,0.01981333734650907,0.75,0.045,0.07,6463,6544,7079
8279,3379,595,3904,557,37000,20000000,50000,0.0027281825552509286,0.75,0.045,0.07,8630,8963,10731
8279,2081,1634,4630,2028,4000,20000000,50000,0.5246331135813284,0.75,0.045,0.07,15579,27214,27188
8279,5297,366,6023,971,37000,20000000,50000,0.0003700923931708333,0.75,0.045,0.07,11125,10546,14478
8279,667,464,724,34,37500,20000000,50000,0.5246331135813284,0.75,0.045,0.07,4195,3741,3676
8279,1090,507,1194,85,37500,20000000,50000,0.12995149343859222,0.75,0.045,0.07,4899,4785,4714
8279,1989,549,2217,219,37500,20000000,50000,0.01981333734650907,0.75,0.045,0.07,6398,6532,7017
8279,3351,581,3886,562,37500,20000000,50000,0.0027281825552509286,0.75,0.045,0.07,8724,9023,10614
8279,5161,395,5907,919,37500,20000000,50000,0.0003700923931708333,0.75,0.045,0.07,10497,10363,14046
8279,704,428,744,37,38000,20000000,50000,0.5246331135813284,0.75,0.045,0.07,4123,3435,3665
8279,1173,505,1283,109,38000,20000000,50000,0.12995149343859222,0.75,0.045,0.07,5058,4936,4991
8279,1932,561,2184,222,38000,20000000,50000,0.01981333734650907,0.75,0.045,0.07,6515,6524,6966
8279,3365,547,3833,499,38000,20000000,50000,0.0027281825552509286,0.75,0.045,0.07,8431,8884,10247
8279,2239,1525,5390,2627,4000,20000000,50000,0.12995149343859222,0.75,0.045,0.07,15232,29739,30410
8279,5279,398,5978,982,38000,20000000,50000,0.0003700923931708333,0.75,0.045,0.07,10792,10040,14173
8279,717,455,765,60,38500,20000000,50000,0.5246331135813284,0.75,0.045,0.07,4201,3739,3749
8279,1100,511,1215,95,38500,20000000,50000,0.12995149343859222,0.75,0.045,0.07,4943,4607,4823
8279,1980,585,2192,218,38500,20000000,50000,0.01981333734650907,0.75,0.045,0.07,6450,6389,7029
8279,3363,560,3828,497,38500,20000000,50000,0.0027281825552509286,0.75,0.045,0.07,8218,8766,10232
8279,5173,374,5924,942,38500,20000000,50000,0.0003700923931708333,0.75,0.045,0.07,10493,10007,13862
8279,729,450,783,46,39000,20000000,50000,0.5246331135813284,0.75,0.045,0.07,4271,3474,3804
8279,1199,527,1299,95,39000,20000000,50000,0.12995149343859222,0.75,0.045,0.07,4950,4744,4984
8279,1959,608,2201,224,39000,20000000,50000,0.01981333734650907,0.75,0.045,0.07,6434,6516,6966
8279,3386,586,3831,493,39000,20000000,50000,0.0027281825552509286,0.75,0.045,0.07,8243,8477,10175
8279,2047,1066,6429,3705,4000,20000000,50000,0.01981333734650907,0.75,0.045,0.07,13933,34911,35431
8279,5250,414,5958,928,39000,20000000,50000,0.0003700923931708333,0.75,0.045,0.07,10524,9906,13877
8279,672,461,724,44,39500,20000000,50000,0.5246331135813284,0.75,0.045,0.07,4149,3516,3786
8279,1167,527,1254,90,39500,20000000,50000,0.12995149343859222,0.75,0.045,0.07,4946,4560,4886
8279,1970,549,2185,213,39500,20000000,50000,0.01981333734650907,0.75,0.045,0.07,6316,6284,6827
8279,3375,591,3852,476,39500,20000000,50000,0.0027281825552509286,0.75,0.045,0.07,8377,8706,10157
8279,5246,385,5939,882,39500,20000000,50000,0.0003700923931708333,0.75,0.045,0.07,10178,9711,13627
8279,703,449,767,35,40000,20000000,50000,0.5246331135813284,0.75,0.045,0.07,4173,3677,3703
8279,1105,512,1207,93,40000,20000000,50000,0.12995149343859222,0.75,0.045,0.07,4845,4831,4807
8279,1946,601,2151,193,40000,20000000,50000,0.01981333734650907,0.75,0.045,0.07,6331,6146,6975
8279,3441,561,3885,502,40000,20000000,50000,0.0027281825552509286,0.75,0.045,0.07,8167,8364,10178
8279,1702,553,7446,4934,4000,20000000,50000,0.0027281825552509286,0.75,0.045,0.07,11343,39333,40646
8279,33,15,8265,6898,500,20000000,50000,0.01981333734650907,0.75,0.045,0.07,227,49804,49901
8279,5239,377,5890,939,40000,20000000,50000,0.0003700923931708333,0.75,0.045,0.07,9988,9768,13745
8279,690,482,732,53,40500,20000000,50000,0.5246331135813284,0.75,0.045,0.07,4193,3541,3712
8279,1100,493,1197,103,40500,20000000,50000,0.12995149343859222,0.75,0.045,0.07,4939,4782,4744
8279,1946,590,2180,195,40500,20000000,50000,0.01981333734650907,0.75,0.045,0.07,6075,6275,6824
8279,3346,535,3807,503,40500,20000000,50000,0.0027281825552509286,0.75,0.045,0.07,8261,8554,10160
8279,5243,378,5929,868,40500,20000000,50000,0.0003700923931708333,0.75,0.045,0.07,9893,9709,13439
8279,701,475,752,41,41000,20000000,50000,0.5246331135813284,0.75,0.045,0.07,4209,3716,3681
8279,1094,495,1208,100,41000,20000000,50000,0.12995149343859222,0.75,0.045,0.07,4565,4587,4648
8279,1885,558,2115,219,41000,20000000,50000,0.01981333734650907,0.75,0.045,0.07,5931,6455,6640
8279,3387,560,3831,501,41000,20000000,50000,0.0027281825552509286,0.75,0.045,0.07,7954,8377,9952
8279,1521,234,7988,5698,4000,20000000,50000,0.0003700923931708333,0.75,0.045,0.07,10268,41277,43936
8279,5297,397,5945,859,41000,20000000,50000,0.0003700923931708333,0.75,0.045,0.07,9892,9579,13445
8279,641,421,686,41,41500,20000000,50000,0.5246331135813284,0.75,0.045,0.07,4058,3629,3593
8279,1168,513,1261,93,41500,20000000,50000,0.12995149343859222,0.75,0.045,0.07,4955,4566,4946
8279,1971,559,2158,213,41500,20000000,50000,0.01981333734650907,0.75,0.045,0.07,6145,6033,6641
8279,3369,524,3811,510,41500,20000000,50000,0.0027281825552509286,0.75,0.045,0.07,8026,8216,10056
8279,5227,377,5819,847,41500,20000000,50000,0.0003700923931708333,0.75,0.045,0.07,9595,9509,12985
8279,663,419,699,41,42000,20000000,50000,0.5246331135813284,0.75,0.045,0.07,4049,3612,3558
8279,1087,500,1188,92,42000,20000000,50000,0.12995149343859222,0.75,0.045,0.07,4719,4635,4674
8279,1896,583,2106,193,42000,20000000,50000,0.01981333734650907,0.75,0.045,0.07,6019,6200,6620
8279,3320,503,3762,462,42000,20000000,50000,0.0027281825552509286,0.75,0.045,0.07,7541,8359,9561
8279,2030,1582,4468,2011,4500,20000000,50000,0.5246331135813284,0.75,0.045,0.07,14675,27561,26220
8279,5267,370,5893,821,42000,20000000,50000,0.0003700923931708333,0.75,0.045,0.07,9498,9171,13036
8279,649,435,707,41,42500,20000000,50000,0.5246331135813284,0.75,0.045,0.07,4078,3680,3601
8279,1155,472,1245,93,42500,20000000,50000,0.12995149343859222,0.75,0.045,0.07,4887,4525,4829
8279,1963,545,2185,217,42500,20000000,50000,0.01981333734650907,0.75,0.045,0.07,6016,6235,6649
8279,3385,574,3802,450,42500,20000000,50000,0.0027281825552509286,0.75,0.045,0.07,7881,8108,9846
8279,5177,362,5765,750,42500,20000000,50000,0.0003700923931708333,0.75,0.045,0.07,9323,9269,12740
8279,682,438,732,38,43000,20000000,50000,0.5246331135813284,0.75,0.045,0.07,4055,3650,3611
8279,1093,474,1196,78,43000,20000000,50000,0.12995149343859222,0.75,0.045,0.07,4800,4494,4652
8279,1878,526,2111,207,43000,20000000,50000,0.01981333734650907,0.75,0.045,0.07,5872,6162,6446
8279,3282,547,3735,459,43000,20000000,50000,0.0027281825552509286,0.75,0.045,0.07,7714,8226,9639
8279,2182,1460,5365,2604,4500,20000000,50000,0.12995149343859222,0.75,0.045,0.07,15398,29501,29612
8279,5235,361,5805,792,43000,20000000,50000,0.0003700923931708333,0.75,0.045,0.07,9480,9090,12866
8279,694,403,745,47,43500,20000000,50000,0.5246331135813284,0.75,0.045,0.07,3808,3712,3577
8279,1110,494,1205,82,43500,20000000,50000,0.12995149343859222,0.75,0.045,0.07,4592,4674,4575
8279,1895,532,2092,178,43500,20000000,50000,0.01981333734650907,0.75,0.045,0.07,5839,6163,6528
8279,3358,503,3787,435,43500,20000000,50000,0.0027281825552509286,0.75,0.045,0.07,7673,8062,9474
8279,5197,381,5808,765,43500,20000000,50000,0.0003700923931708333,0.75,0.045,0.07,9165,9173,12514
8279,646,421,699,43,44000,20000000,50000,0.5246331135813284,0.75,0.045,0.07,3957,3575,3477
8279,1122,540,1220,90,44000,20000000,50000,0.12995149343859222,0.75,0.045,0.07,4711,4391,4874
8279,1865,522,2060,188,44000,20000000,50000,0.01981333734650907,0.75,0.045,0.07,5805,5928,6461
8279,3346,560,3755,457,44000,20000000,50000,0.0027281825552509286,0.75,0.045,0.07,7701,7926,9597
8279,2133,1100,6398,3618,4500,20000000,50000,0.01981333734650907,0.75,0.045,0.07,14115,33920,34839
8279,5271,339,5804,776,44000,20000000,50000,0.0003700923931708333,0.75,0.045,0.07,8940,8927,12482
8279,720,440,774,47,44500,20000000,50000,0.5246331135813284,0.75,0.045,0.07,3975,3484,3704
8279,1153,480,1255,94,44500,20000000,50000,0.12995149343859222,0.75,0.045,0.07,4784,4510,4800
8279,1887,572,2096,185,44500,20000000,50000,0.01981333734650907,0.75,0.045,0.07,6049,5974,6517
8279,3286,500,3702,461,44500,20000000,50000,0.0027281825552509286,0.75,0.045,0.07,7421,8030,9393
8279,5241,338,5821,752,44500,20000000,50000,0.0003700923931708333,0.75,0.045,0.07,8562,8935,12452
8279,677,420,727,36,45000,20000000,50000,0.5246331135813284,0.75,0.045,0.07,4104,3573,3544
8279,1157,492,1255,87,45000,20000000,50000,0.12995149343859222,0.75,0.045,0.07,4822,4562,4764
8279,1921,506,2128,191,45000,20000000,50000,0.01981333734650907,0.75,0.045,0.07,5876,5934,6553
8279,3260,504,3663,436,45000,20000000,50000,0.0027281825552509286,0.75,0.045,0.07,7393,7641,9263
8279,1796,583,7381,4767,4500,20000000,50000,0.0027281825552509286,0.75,0.045,0.07,11929,38399,39516
8279,5183,338,5729,723,45000,20000000,50000,0.0003700923931708333,0.75,0.045,0.07,8521,8866,12111
8279,633,444,684,47,45500,20000000,50000,0.5246331135813284,0.75,0.045,0.07,3915,3710,3550
8279,1129,460,1225,101,45500,20000000,50000,0.12995149343859222,0.75,0.045,0.07,4667,4548,4586
8279,1934,525,2131,193,45500,20000000,50000,0.01981333734650907,0.75,0.045,0.07,5840,5912,6453
8279,3247,494,3636,421,45500,20000000,50000,0.0027281825552509286,0.75,0.045,0.07,7316,7967,9051
8279,5261,320,5776,753,45500,20000000,50000,0.0003700923931708333,0.75,0.045,0.07,8620,8856,11983
8279,634,426,680,41,46000,20000000,50000,0.5246331135813284,0.75,0.045,0.07,3950,3501,3459
8279,1126,511,1220,94,46000,20000000,50000,0.12995149343859222,0.75,0.045,0.07,4888,4549,4792
8279,1834,542,2049,208,46000,20000000,50000,0.01981333734650907,0.75,0.045,0.07,5620,5621,6368
8279,3282,486,3693,431,46000,20000000,50000,0.0027281825552509286,0.75,0.045,0.07,7518,7559,9138
8279,1747,267,7940,5480,4500,20000000,50000,0.0003700923931708333,0.75,0.045,0.07,11253,40337,42683
8279,5199,343,5733,747,46000,20000000,50000,0.0003700923931708333,0.75,0.045,0.07,8205,8760,11957
8279,683,447,725,50,46500,20000000,50000,0.5246331135813284,0.75,0.045,0.07,4026,3532,3627
8279,1091,463,1186,124,46500,20000000,50000,0.12995149343859222,0.75,0.045,0.07,4854,4426,4541
8279,1878,507,2065,166,46500,20000000,50000,0.01981333734650907,0.75,0.045,0.07,5781,5740,6279
8279,3260,527,3656,412,46500,20000000,50000,0.0027281825552509286,0.75,0.045,0.07,7106,7784,8956
8279,5238,327,5742,699,46500,20000000,50000,0.0003700923931708333,0.75,0.045,0.07,8561,8575,12126
8279,651,429,708,50,47000,20000000,50000,0.5246331135813284,0.75,0.045,0.07,3931,3783,3555
8279,1096,472,1191,80,47000,20000000,50000,0.12995149343859222,0.75,0.045,0.07,4605,4348,4621
8279,1840,528,2041,164,47000,20000000,50000,0.01981333734650907,0.75,0.045,0.07,5601,5808,6050
8279,3262,468,3685,415,47000,20000000,50000,0.0027281825552509286,0.75,0.045,0.07,7317,7580,9067
8279,2117,1697,4563,2004,5000,20000000,50000,0.5246331135813284,0.75,0.045,0.07,15973,26775,26896
8279,5159,322,5684,722,47000,20000000,50000,0.0003700923931708333,0.75,0.045,0.07,8346,8614,11737
8279,671,443,719,46,47500,20000000,50000,0.5246331135813284,0.75,0.045,0.07,3862,3555,3652
8279,1092,482,1182,73,47500,20000000,50000,0.12995149343859222,0.75,0.045,0.07,4728,4526,4588
8279,1880,480,2077,199,47500,20000000,50000,0.01981333734650907,0.75,0.045,0.07,5820,5928,6279
8279,3204,453,3587,430,47500,20000000,50000,0.0027281825552509286,0.75,0.045,0.07,7070,7756,8859
8279,5264,339,5761,695,47500,20000000,50000,0.0003700923931708333,0.75,0.045,0.07,8429,8354,11841
8279,433,231,453,12,48000,20000000,50000,0.5246331135813284,0.75,0.045,0.07,2178,1971,2023
8279,826,267,864,41,48000,20000000,50000,0.12995149343859222,0.75,0.045,0.07,2914,2686,2887
8279,1616,346,1725,112,48000,20000000,50000,0.01981333734650907,0.75,0.045,0.07,3833,4178,4470
8279,3174,382,3433,259,48000,20000000,50000,0.0027281825552509286,0.75,0.045,0.07,5736,6129,7453
8279,2150,1414,5266,2613,5000,20000000,50000,0.12995149343859222,0.75,0.045,0.07,15525,29610,29720
8279,5195,283,5572,579,48000,20000000,50000,0.0003700923931708333,0.75,0.045,0.07,7416,7519,10867
8279,437,237,453,13,48500,20000000,50000,0.5246331135813284,0.75,0.045,0.07,2114,1877,1963
8279,831,301,874,45,48500,20000000,50000,0.12995149343859222,0.75,0.045,0.07,2929,2709,2786
8279,1631,360,1736,86,48500,20000000,50000,0.01981333734650907,0.75,0.045,0.07,3952,3991,4527
8279,3116,366,3380,288,48500,20000000,50000,0.0027281825552509286,0.75,0.045,0.07,5721,6053,7423
8279,5148,260,5531,556,48500,20000000,50000,0.0003700923931708333,0.75,0.045,0.07,7186,7565,10734
8279,394,255,413,11,49000,20000000,50000,0.5246331135813284,0.75,0.045,0.07,2194,1873,1971
8279,800,310,839,42,49000,20000000,50000,0.12995149343859222,0.75,0.045,0.07,2761,2560,2888
8279,1633,363,1732,94,49000,20000000,50000,0.01981333734650907,0.75,0.045,0.07,4029,4126,4518
8279,3121,400,3354,297,49000,20000000,50000,0.0027281825552509286,0.75,0.045,0.07,5569,6046,7320
8279,2241,1112,6308,3520,5000,20000000,50000,0.01981333734650907,0.75,0.045,0.07,14879,32843,34236
8279,5140,288,5517,521,49000,20000000,50000,0.0003700923931708333,0.75,0.045,0.07,7001,7462,10455
8279,449,253,464,14,49500,20000000,50000,0.5246331135813284,0.75,0.045,0.07,2179,1848,2012
8279,831,278,871,46,49500,20000000,50000,0.12995149343859222,0.75,0.045,0.07,2676,2718,2822
8279,1621,359,1712,90,49500,20000000,50000,0.01981333734650907,0.75,0.045,0.07,3821,3939,4432
8279,3076,388,3318,269,49500,20000000,50000,0.0027281825552509286,0.75,0.045,0.07,5525,6125,7357
8279,5192,291,5554,543,49500,20000000,50000,0.0003700923931708333,0.75,0.045,0.07,6954,7466,10619
8279,405,223,422,10,50000,20000000,50000,0.5246331135813284,0.75,0.045,0.07,2181,1885,1922
8279,801,316,840,45,50000,20000000,50000,0.12995149343859222,0.75,0.045,0.07,2765,2732,2895
8279,1610,371,1693,97,50000,20000000,50000,0.01981333734650907,0.75,0.045,0.07,3865,3927,4456
8279,3059,392,3308,263,50000,20000000,50000,0.0027281825552509286,0.75,0.045,0.07,5561,6023,7214
8279,2052,614,7213,4553,5000,20000000,50000,0.0027281825552509286,0.75,0.045,0.07,12941,36861,38273
8279,0,0,8279,6927,500,20000000,50000,0.0027281825552509286,0.75,0.045,0.07,0,50000,50000
8279,5195,294,5554,523,50000,20000000,50000,0.0003700923931708333,0.75,0.045,0.07,6981,7336,10538
8279,376,229,398,18,50500,20000000,50000,0.5246331135813284,0.75,0.045,0.07,2114,1869,1837
8279,823,282,870,39,50500,20000000,50000,0.12995149343859222,0.75,0.045,0.07,2893,2667,2767
8279,1616,365,1695,104,50500,20000000,50000,0.01981333734650907,0.75,0.045,0.07,3810,3996,4429
8279,3076,369,3317,241,50500,20000000,50000,0.0027281825552509286,0.75,0.045,0.07,5337,6049,7032
8279,5218,265,5580,570,50500,20000000,50000,0.0003700923931708333,0.75,0.045,0.07,6851,7355,10543
8279,389,234,401,10,51000,20000000,50000,0.5246331135813284,0.75,0.045,0.07,2150,1875,1862
8279,831,284,871,33,51000,20000000,50000,0.12995149343859222,0.75,0.045,0.07,2819,2790,2820
8279,1612,358,1721,97,51000,20000000,50000,0.01981333734650907,0.75,0.045,0.07,3717,4039,4454
8279,3056,367,3290,256,51000,20000000,50000,0.0027281825552509286,0.75,0.045,0.07,5435,5934,6978
8279,1964,292,7875,5257,5000,20000000,50000,0.0003700923931708333,0.75,0.045,0.07,12476,38856,41516
8279,5183,267,5526,530,51000,20000000,50000,0.0003700923931708333,0.75,0.045,0.07,6830,7310,10441
8279,400,217,415,14,51500,20000000,50000,0.5246331135813284,0.75,0.045,0.07,2099,1866,1859
8279,813,260,837,29,51500,20000000,50000,0.12995149343859222,0.75,0.045,0.07,2587,2468,2613
8279,1552,362,1636,83,51500,20000000,50000,0.01981333734650907,0.75,0.045,0.07,3662,3860,4226
8279,3056,374,3306,233,51500,20000000,50000,0.0027281825552509286,0.75,0.045,0.07,5200,5858,7093
8279,5120,278,5472,538,51500,20000000,50000,0.0003700923931708333,0.75,0.045,0.07,6637,7267,10268
8279,404,233,418,16,52000,20000000,50000,0.5246331135813284,0.75,0.045,0.07,2116,1918,1902
8279,833,282,884,39,52000,20000000,50000,0.12995149343859222,0.75,0.045,0.07,2749,2745,2830
8279,1623,341,1725,89,52000,20000000,50000,0.01981333734650907,0.75,0.045,0.07,3690,4060,4377
8279,2989,344,3213,254,52000,20000000,50000,0.0027281825552509286,0.75,0.045,0.07,5146,5890,6854
8279,2137,1654,4518,2082,5500,20000000,50000,0.5246331135813284,0.75,0.045,0.07,15397,26794,26638
8279,5107,248,5446,497,52000,20000000,50000,0.0003700923931708333,0.75,0.045,0.07,6443,7217,10093
8279,403,231,415,16,52500,20000000,50000,0.5246331135813284,0.75,0.045,0.07,2108,1847,1904
8279,787,297,822,27,52500,20000000,50000,0.12995149343859222,0.75,0.045,0.07,2823,2523,2736
8279,1583,337,1666,93,52500,20000000,50000,0.01981333734650907,0.75,0.045,0.07,3696,3935,4192
8279,3002,389,3210,248,52500,20000000,50000,0.0027281825552509286,0.75,0.045,0.07,5201,5851,6862
8279,5156,252,5466,498,52500,20000000,50000,0.0003700923931708333,0.75,0.045,0.07,6420,7004,10058
8279,429,220,444,13,53000,20000000,50000,0.5246331135813284,0.75,0.045,0.07,2227,1981,1954
8279,779,263,820,39,53000,20000000,50000,0.12995149343859222,0.75,0.045,0.07,2581,2550,2570
8279,1573,336,1655,88,53000,20000000,50000,0.01981333734650907,0.75,0.045,0.07,3650,3733,4270
8279,2979,350,3205,254,53000,20000000,50000,0.0027281825552509286,0.75,0.045,0.07,5056,5790,6827
8279,2151,1514,5238,2528,5500,20000000,50000,0.12995149343859222,0.75,0.045,0.07,15399,29158,29455
8279,5183,269,5499,484,53000,20000000,50000,0.0003700923931708333,0.75,0.045,0.07,6317,7003,9905
8279,389,237,406,10,53500,20000000,50000,0.5246331135813284,0.75,0.045,0.07,2160,1909,1898
8279,778,288,818,42,53500,20000000,50000,0.12995149343859222,0.75,0.045,0.07,2699,2608,2774
8279,1589,358,1663,94,53500,20000000,50000,0.01981333734650907,0.75,0.045,0.07,3664,3819,4295
8279,3032,366,3233,225,53500,20000000,50000,0.0027281825552509286,0.75,0.045,0.07,5018,5520,6835
8279,5078,249,5397,513,53500,20000000,50000,0.0003700923931708333,0.75,0.045,0.07,6120,6993,9853
8279,443,228,463,18,54000,20000000,50000,0.5246331135813284,0.75,0.045,0.07,2164,1929,2057
8279,808,292,848,34,54000,20000000,50000,0.12995149343859222,0.75,0.045,0.07,2667,2537,2762
8279,1579,352,1675,100,54000,20000000,50000,0.01981333734650907,0.75,0.045,0.07,3703,3816,4264
8279,3043,333,3245,283,54000,20000000,50000,0.0027281825552509286,0.75,0.045,0.07,4986,5494,6885
8279,2182,1045,6050,3339,5500,20000000,50000,0.01981333734650907,0.75,0.045,0.07,14035,32651,32505
8279,5137,253,5458,476,54000,20000000,50000,0.0003700923931708333,0.75,0.045,0.07,6049,6854,9900
8279,389,249,401,10,54500,20000000,50000,0.5246331135813284,0.75,0.045,0.07,2063,1918,1908
8279,832,269,870,31,54500,20000000,50000,0.12995149343859222,0.75,0.045,0.07,2657,2631,2759
8279,1483,319,1576,89,54500,20000000,50000,0.01981333734650907,0.75,0.045,0.07,3453,3768,4011
8279,3001,344,3214,225,54500,20000000,50000,0.0027281825552509286,0.75,0.045,0.07,5008,5671,6730
8279,5123,275,5463,453,54500,20000000,50000,0.0003700923931708333,0.75,0.045,0.07,6302,6939,9762
8279,403,237,415,8,55000,20000000,50000,0.5246331135813284,0.75,0.045,0.07,2227,1811,1969
8279,796,261,839,39,55000,20000000,50000,0.12995149343859222,0.75,0.045,0.07,2815,2555,2732
8279,1516,348,1606,98,55000,20000000,50000,0.01981333734650907,0.75,0.045,0.07,3545,3820,4186
8279,2938,351,3177,265,55000,20000000,50000,0.0027281825552509286,0.75,0.045,0.07,5023,5559,6754
8279,2265,689,7138,4315,5500,20000000,50000,0.0027281825552509286,0.75,0.045,0.07,13755,35815,37524
8279,5114,262,5389,453,55000,20000000,50000,0.0003700923931708333,0.75,0.045,0.07,5909,6826,9518
8279,380,221,400,15,55500,20000000,50000,0.5246331135813284,0.75,0.045,0.07,2124,1939,1900
8279,814,299,861,25,55500,20000000,50000,0.12995149343859222,0.75,0.045,0.07,2718,2599,2784
8279,1586,345,1664,108,55500,20000000,50000,0.01981333734650907,0.75,0.045,0.07,3593,3580,4263
8279,2954,374,3172,257,55500,20000000,50000,0.0027281825552509286,0.75,0.045,0.07,4928,5503,6696
8279,5126,230,5430,454,55500,20000000,50000,0.0003700923931708333,0.75,0.045,0.07,5957,6819,9664
8279,435,256,446,15,56000,20000000,50000,0.5246331135813284,0.75,0.045,0.07,2192,1858,1894
8279,794,258,822,24,56000,20000000,50000,0.12995149343859222,0.75,0.045,0.07,2726,2591,2693
8279,1554,320,1648,109,56000,20000000,50000,0.01981333734650907,0.75,0.045,0.07,3502,3851,4108
8279,3036,335,3221,232,56000,20000000,50000,0.0027281825552509286,0.75,0.045,0.07,4733,5444,6635
8279,2152,297,7837,5176,5500,20000000,50000,0.0003700923931708333,0.75,0.045,0.07,13437,37737,40869
8279,5082,246,5360,434,56000,20000000,50000,0.0003700923931708333,0.75,0.045,0.07,5852,6677,9507
8279,397,226,413,17,56500,20000000,50000,0.5246331135813284,0.75,0.045,0.07,2076,2040,1827
8279,816,280,860,35,56500,20000000,50000,0.12995149343859222,0.75,0.045,0.07,2675,2617,2749
8279,1514,340,1598,88,56500,20000000,50000,0.01981333734650907,0.75,0.045,0.07,3461,3675,3991
8279,2989,327,3196,218,56500,20000000,50000,0.0027281825552509286,0.75,0.045,0.07,4832,5385,6519
8279,5056,228,5349,418,56500,20000000,50000,0.0003700923931708333,0.75,0.045,0.07,5629,6766,9395
8279,402,248,411,17,57000,20000000,50000,0.5246331135813284,0.75,0.045,0.07,2200,1880,1969
8279,804,276,837,31,57000,20000000,50000,0.12995149343859222,0.75,0.045,0.07,2712,2551,2706
8279,1503,314,1587,77,57000,20000000,50000,0.01981333734650907,0.75,0.045,0.07,3459,3766,4004
8279,2930,351,3128,204,57000,20000000,50000,0.0027281825552509286,0.75,0.045,0.07,4811,5255,6543
8279,2107,1684,4491,1971,6000,20000000,50000,0.5246331135813284,0.75,0.045,0.07,15581,26379,26356
8279,5132,241,5406,415,57000,20000000,50000,0.0003700923931708333,0.75,0.045,0.07,5824,6658,9536
8279,425,223,435,15,57500,20000000,50000,0.5246331135813284,0.75,0.045,0.07,2256,1878,1965
8279,837,301,861,36,57500,20000000,50000,0.12995149343859222,0.75,0.045,0.07,2613,2555,2733
8279,1544,306,1622,78,57500,20000000,50000,0.01981333734650907,0.75,0.045,0.07,3455,3563,3974
8279,2924,312,3114,214,57500,20000000,50000,0.0027281825552509286,0.75,0.045,0.07,4557,5404,6294
8279,5114,244,5376,443,57500,20000000,50000,0.0003700923931708333,0.75,0.045,0.07,5690,6577,9430
8279,420,232,435,18,58000,20000000,50000,0.5246331135813284,0.75,0.045,0.07,2231,1856,1941
8279,843,294,880,31,58000,20000000,50000,0.12995149343859222,0.75,0.045,0.07,2595,2469,2739
8279,1473,312,1541,83,58000,20000000,50000,0.01981333734650907,0.75,0.045,0.07,3381,3645,3935
8279,2876,309,3090,213,58000,20000000,50000,0.0027281825552509286,0.75,0.045,0.07,4681,5599,6341
8279,2235,1548,5230,2513,6000,20000000,50000,0.12995149343859222,0.75,0.045,0.07,15448,29264,29485
8279,5061,213,5329,439,58000,20000000,50000,0.0003700923931708333,0.75,0.045,0.07,5527,6509,9334
8279,390,239,404,15,58500,20000000,50000,0.5246331135813284,0.75,0.045,0.07,2139,1906,1929
8279,812,236,830,41,58500,20000000,50000,0.12995149343859222,0.75,0.045,0.07,2715,2489,2713
8279,1532,337,1619,81,58500,20000000,50000,0.01981333734650907,0.75,0.045,0.07,3406,3650,4050
8279,2899,335,3107,218,58500,20000000,50000,0.0027281825552509286,0.75,0.045,0.07,4669,5301,6454
8279,5060,232,5339,435,58500,20000000,50000,0.0003700923931708333,0.75,0.045,0.07,5554,6630,9315
8279,416,249,434,10,59000,20000000,50000,0.5246331135813284,0.75,0.045,0.07,2192,1857,1983
8279,804,277,845,34,59000,20000000,50000,0.12995149343859222,0.75,0.045,0.07,2634,2371,2659
8279,1511,343,1578,77,59000,20000000,50000,0.01981333734650907,0.75,0.045,0.07,3406,3758,3971
8279,2983,319,3150,220,59000,20000000,50000,0.0027281825552509286,0.75,0.045,0.07,4493,5316,6409
8279,2323,1163,5970,3241,6000,20000000,50000,0.01981333734650907,0.75,0.045,0.07,15058,31714,32509
8279,5036,210,5279,400,59000,20000000,50000,0.0003700923931708333,0.75,0.045,0.07,5417,6382,9014
8279,437,240,456,14,59500,20000000,50000,0.5246331135813284,0.75,0.045,0.07,2198,1977,1931
8279,721,259,758,27,59500,20000000,50000,0.12995149343859222,0.75,0.045,0.07,2583,2529,2562
8279,1543,339,1618,74,59500,20000000,50000,0.01981333734650907,0.75,0.045,0.07,3371,3665,4032
8279,2998,323,3185,191,59500,20000000,50000,0.0027281825552509286,0.75,0.045,0.07,4491,5151,6412
8279,4999,229,5258,369,59500,20000000,50000,0.0003700923931708333,0.75,0.045,0.07,5449,6375,9032
8279,259,137,265,5,60000,20000000,50000,0.5246331135813284,0.75,0.045,0.07,1076,990,1061
8279,626,160,643,6,60000,20000000,50000,0.12995149343859222,0.75,0.045,0.07,1588,1558,1748
8279,1312,203,1346,52,60000,20000000,50000,0.01981333734650907,0.75,0.045,0.07,2214,2804,2900
8279,2724,245,2844,150,60000,20000000,50000,0.0027281825552509286,0.75,0.045,0.07,3507,4457,5272
8279,2363,778,7128,4162,6000,20000000,50000,0.0027281825552509286,0.75,0.045,0.07,14555,35120,36990
8279,0,0,8279,6927,500,20000000,50000,0.0003700923931708333,0.75,0.045,0.07,0,50000,50000
8279,5100,211,5323,317,60000,20000000,50000,0.0003700923931708333,0.75,0.045,0.07,4837,6069,8633
8279,269,138,273,3,60500,20000000,50000,0.5246331135813284,0.75,0.045,0.07,1240,1060,1054
8279,599,155,611,17,60500,20000000,50000,0.12995149343859222,0.75,0.045,0.07,1478,1605,1620
8279,1349,238,1401,55,60500,20000000,50000,0.01981333734650907,0.75,0.045,0.07,2220,2571,3022
8279,2843,224,2951,152,60500,20000000,50000,0.0027281825552509286,0.75,0.045,0.07,3354,4374,5325
8279,5010,216,5184,311,60500,20000000,50000,0.0003700923931708333,0.75,0.045,0.07,4702,5862,8309
8279,269,156,275,3,61000,20000000,50000,0.5246331135813284,0.75,0.045,0.07,1125,980,1050
8279,601,177,608,13,61000,20000000,50000,0.12995149343859222,0.75,0.045,0.07,1504,1553,1662
8279,1347,211,1395,62,61000,20000000,50000,0.01981333734650907,0.75,0.045,0.07,2200,2592,2913
8279,2745,247,2866,158,61000,20000000,50000,0.0027281825552509286,0.75,0.045,0.07,3426,4289,5230
8279,2249,340,7798,4986,6000,20000000,50000,0.0003700923931708333,0.75,0.045,0.07,13698,37149,39835
8279,5013,203,5203,346,61000,20000000,50000,0.0003700923931708333,0.75,0.045,0.07,4517,5857,8378
8279,265,110,271,2,61500,20000000,50000,0.5246331135813284,0.75,0.045,0.07,1156,994,960
8279,583,159,599,11,61500,20000000,50000,0.12995149343859222,0.75,0.045,0.07,1514,1527,1607
8279,1303,228,1349,51,61500,20000000,50000,0.01981333734650907,0.75,0.045,0.07,2163,2730,2905
8279,2742,223,2847,141,61500,20000000,50000,0.0027281825552509286,0.75,0.045,0.07,3378,4412,5185
8279,4940,190,5131,289,61500,20000000,50000,0.0003700923931708333,0.75,0.045,0.07,4358,5863,8101
8279,254,111,255,0,62000,20000000,50000,0.5246331135813284,0.75,0.045,0.07,1048,985,978
8279,595,155,613,6,62000,20000000,50000,0.12995149343859222,0.75,0.045,0.07,1585,1521,1637
8279,1280,183,1321,38,62000,20000000,50000,0.01981333734650907,0.75,0.045,0.07,2165,2573,2788
8279,2796,230,2916,148,62000,20000000,50000,0.0027281825552509286,0.75,0.045,0.07,3225,4307,5183
8279,2173,1597,4488,2095,6500,20000000,50000,0.5246331135813284,0.75,0.045,0.07,15486,26316,26633
8279,4997,186,5168,311,62000,20000000,50000,0.0003700923931708333,0.75,0.045,0.07,4259,5769,8099
8279,273,116,281,7,62500,20000000,50000,0.5246331135813284,0.75,0.045,0.07,1172,986,1043
8279,602,175,614,14,62500,20000000,50000,0.12995149343859222,0.75,0.045,0.07,1539,1614,1649
8279,1311,210,1348,50,62500,20000000,50000,0.01981333734650907,0.75,0.045,0.07,2226,2605,2868
8279,2732,229,2835,152,62500,20000000,50000,0.0027281825552509286,0.75,0.045,0.07,3249,4206,5180
8279,4877,171,5083,304,62500,20000000,50000,0.0003700923931708333,0.75,0.045,0.07,4321,5720,8054
8279,250,122,255,3,63000,20000000,50000,0.5246331135813284,0.75,0.045,0.07,1146,999,1035
8279,540,162,566,13,63000,20000000,50000,0.12995149343859222,0.75,0.045,0.07,1379,1558,1586
8279,1300,176,1345,40,63000,20000000,50000,0.01981333734650907,0.75,0.045,0.07,2205,2587,2822
8279,2660,251,2775,143,63000,20000000,50000,0.0027281825552509286,0.75,0.045,0.07,3150,4291,5087
8279,2165,1385,5061,2440,6500,20000000,50000,0.12995149343859222,0.75,0.045,0.07,15222,28757,28339
8279,4876,198,5068,307,63000,20000000,50000,0.0003700923931708333,0.75,0.045,0.07,4302,5683,7969
8279,241,100,246,3,63500,20000000,50000,0.5246331135813284,0.75,0.045,0.07,1087,1041,957
8279,567,154,578,14,63500,20000000,50000,0.12995149343859222,0.75,0.045,0.07,1460,1537,1570
8279,1268,187,1302,35,63500,20000000,50000,0.01981333734650907,0.75,0.045,0.07,1975,2547,2706
8279,2746,208,2876,125,63500,20000000,50000,0.0027281825552509286,0.75,0.045,0.07,3390,4287,5169
8279,4952,174,5124,278,63500,20000000,50000,0.0003700923931708333,0.75,0.045,0.07,4112,5722,8006
8279,265,125,269,3,64000,20000000,50000,0.5246331135813284,0.75,0.045,0.07,1181,1065,1008
8279,583,168,597,14,64000,20000000,50000,0.12995149343859222,0.75,0.045,0.07,1441,1516,1668
8279,1342,192,1374,38,64000,20000000,50000,0.01981333734650907,0.75,0.045,0.07,2113,2409,2832
8279,2716,210,2812,135,64000,20000000,50000,0.0027281825552509286,0.75,0.045,0.07,3049,4219,4989
8279,2319,1233,5987,3136,6500,20000000,50000,0.01981333734650907,0.75,0.045,0.07,15037,31688,32098
8279,4969,199,5156,291,64000,20000000,50000,0.0003700923931708333,0.75,0.045,0.07,4107,5605,7984
8279,277,119,281,3,64500,20000000,50000,0.5246331135813284,0.75,0.045,0.07,1100,1097,1063
8279,584,168,599,15,64500,20000000,50000,0.12995149343859222,0.75,0.045,0.07,1494,1546,1681
8279,1273,182,1317,47,64500,20000000,50000,0.01981333734650907,0.75,0.045,0.07,2178,2571,2768
8279,2709,241,2833,126,64500,20000000,50000,0.0027281825552509286,0.75,0.045,0.07,3168,4224,5116
8279,4855,206,5045,261,64500,20000000,50000,0.0003700923931708333,0.75,0.045,0.07,3983,5671,7860
8279,267,125,276,2,65000,20000000,50000,0.5246331135813284,0.75,0.045,0.07,1143,1011,1005
8279,563,150,577,15,65000,20000000,50000,0.12995149343859222,0.75,0.045,0.07,1442,1523,1592
8279,1225,219,1260,49,65000,20000000,50000,0.01981333734650907,0.75,0.045,0.07,2074,2526,2669
8279,2768,230,2892,121,65000,20000000,50000,0.0027281825552509286,0.75,0.045,0.07,3224,4195,5174
8279,2362,739,7010,4100,6500,20000000,50000,0.0027281825552509286,0.75,0.045,0.07,14437,34519,35906
8279,4931,183,5112,260,65000,20000000,50000,0.0003700923931708333,0.75,0.045,0.07,3902,5642,7723
8279,258,100,265,3,65500,20000000,50000,0.5246331135813284,0.75,0.045,0.07,1153,960,998
8279,609,164,623,18,65500,20000000,50000,0.12995149343859222,0.75,0.045,0.07,1531,1435,1661
8279,1306,218,1355,34,65500,20000000,50000,0.01981333734650907,0.75,0.045,0.07,2050,2600,2860
8279,2693,241,2794,109,65500,20000000,50000,0.0027281825552509286,0.75,0.045,0.07,3186,4108,4940
8279,4890,206,5052,254,65500,20000000,50000,0.0003700923931708333,0.75,0.045,0.07,3959,5531,7914
8279,265,140,267,2,66000,20000000,50000,0.5246331135813284,0.75,0.045,0.07,1145,1064,1091
8279,576,143,598,11,66000,20000000,50000,0.12995149343859222,0.75,0.045,0.07,1427,1559,1545
8279,1306,190,1343,37,66000,20000000,50000,0.01981333734650907,0.75,0.045,0.07,2091,2524,2727
8279,2694,243,2803,142,66000,20000000,50000,0.0027281825552509286,0.75,0.045,0.07,3119,4123,4908
8279,2357,344,7790,4918,6500,20000000,50000,0.0003700923931708333,0.75,0.045,0.07,14548,36492,39440
8279,4923,188,5079,264,66000,20000000,50000,0.0003700923931708333,0.75,0.045,0.07,3844,5503,7780
8279,275,122,281,6,66500,20000000,50000,0.5246331135813284,0.75,0.045,0.07,1120,1080,1040
8279,559,133,578,10,66500,20000000,50000,0.12995149343859222,0.75,0.045,0.07,1501,1584,1563
8279,1303,189,1342,45,66500,20000000,50000,0.01981333734650907,0.75,0.045,0.07,2078,2561,2792
8279,2713,236,2826,106,66500,20000000,50000,0.0027281825552509286,0.75,0.045,0.07,3084,3973,4979
8279,4814,173,4958,250,66500,20000000,50000,0.0003700923931708333,0.75,0.045,0.07,3894,5444,7607
8279,271,127,280,4,67000,20000000,50000,0.5246331135813284,0.75,0.045,0.07,1094,1049,1022
8279,577,132,593,14,67000,20000000,50000,0.12995149343859222,0.75,0.045,0.07,1371,1635,1538
8279,1269,191,1305,41,67000,20000000,50000,0.01981333734650907,0.75,0.045,0.07,2060,2522,2702
8279,2692,245,2797,121,67000,20000000,50000,0.0027281825552509286,0.75,0.045,0.07,2951,4061,4853
8279,2154,1649,4381,1879,7000,20000000,50000,0.5246331135813284,0.75,0.045,0.07,15733,25823,25901
8279,4877,156,5040,261,67000,20000000,50000,0.0003700923931708333,0.75,0.045,0.07,3837,5490,7635
8279,249,112,253,5,67500,20000000,50000,0.5246331135813284,0.75,0.045,0.07,1046,1014,1039
8279,578,151,596,13,67500,20000000,50000,0.12995149343859222,0.75,0.045,0.07,1527,1501,1629
8279,1258,192,1288,49,67500,20000000,50000,0.01981333734650907,0.75,0.045,0.07,1935,2447,2701
8279,2720,256,2810,113,67500,20000000,50000,0.0027281825552509286,0.75,0.045,0.07,2859,4022,4933
8279,4876,170,5023,247,67500,20000000,50000,0.0003700923931708333,0.75,0.045,0.07,3630,5419,7584
8279,253,107,259,4,68000,20000000,50000,0.5246331135813284,0.75,0.045,0.07,1050,1084,995
8279,590,159,602,11,68000,20000000,50000,0.12995149343859222,0.75,0.045,0.07,1453,1537,1595
8279,1229,177,1268,31,68000,20000000,50000,0.01981333734650907,0.75,0.045,0.07,2026,2413,2589
8279,2672,209,2791,127,68000,20000000,50000,0.0027281825552509286,0.75,0.045,0.07,2898,4138,4793
8279,2356,1500,5162,2343,7000,20000000,50000,0.12995149343859222,0.75,0.045,0.07,15431,28064,28600
8279,4913,165,5079,236,68000,20000000,50000,0.0003700923931708333,0.75,0.045,0.07,3640,5487,7587
8279,270,112,276,6,68500,20000000,50000,0.5246331135813284,0.75,0.045,0.07,975,1005,1006
8279,569,118,579,21,68500,20000000,50000,0.12995149343859222,0.75,0.045,0.07,1390,1494,1542
8279,1249,204,1293,43,68500,20000000,50000,0.01981333734650907,0.75,0.045,0.07,1916,2450,2635
8279,2696,232,2788,119,68500,20000000,50000,0.0027281825552509286,0.75,0.045,0.07,3009,4009,4851
8279,4905,169,5033,239,68500,20000000,50000,0.0003700923931708333,0.75,0.045,0.07,3665,5404,7537
8279,262,132,268,7,69000,20000000,50000,0.5246331135813284,0.75,0.045,0.07,1146,1027,1053
8279,605,144,624,13,69000,20000000,50000,0.12995149343859222,0.75,0.045,0.07,1405,1510,1572
8279,1285,229,1329,46,69000,20000000,50000,0.01981333734650907,0.75,0.045,0.07,2047,2377,2767
8279,2673,199,2770,113,69000,20000000,50000,0.0027281825552509286,0.75,0.045,0.07,2922,4068,4759
8279,2363,1200,5978,3117,7000,20000000,50000,0.01981333734650907,0.75,0.045,0.07,15214,30870,31847
8279,4843,158,4976,252,69000,20000000,50000,0.0003700923931708333,0.75,0.045,0.07,3484,5315,7479
8279,254,121,255,4,69500,20000000,50000,0.5246331135813284,0.75,0.045,0.07,1098,1004,994
8279,592,148,599,6,69500,20000000,50000,0.12995149343859222,0.75,0.045,0.07,1414,1426,1611
8279,1247,207,1292,42,69500,20000000,50000,0.01981333734650907,0.75,0.045,0.07,2078,2537,2722
8279,2647,214,2756,112,69500,20000000,50000,0.0027281825552509286,0.75,0.045,0.07,2886,3978,4730
8279,4839,137,4969,243,69500,20000000,50000,0.0003700923931708333,0.75,0.045,0.07,3570,5290,7382
8279,263,125,269,4,70000,20000000,50000,0.5246331135813284,0.75,0.045,0.07,1107,945,1044
8279,577,142,593,8,70000,20000000,50000,0.12995149343859222,0.75,0.045,0.07,1419,1501,1515
8279,1251,181,1285,39,70000,20000000,50000,0.01981333734650907,0.75,0.045,0.07,2015,2394,2678
8279,2623,226,2713,122,70000,20000000,50000,0.0027281825552509286,0.75,0.045,0.07,2776,3903,4681
8279,2424,793,6980,3991,7000,20000000,50000,0.0027281825552509286,0.75,0.045,0.07,14494,33749,35440
8279,2044,1507,5675,3126,1000,20000000,50000,0.5246331135813284,0.75,0.045,0.07,14579,32184,33510
8279,4804,148,4930,237,70000,20000000,50000,0.0003700923931708333,0.75,0.045,0.07,3365,5289,7292
8279,268,138,270,2,70500,20000000,50000,0.5246331135813284,0.75,0.045,0.07,1173,993,1069
8279,555,125,570,11,70500,20000000,50000,0.12995149343859222,0.75,0.045,0.07,1355,1538,1491
8279,1241,180,1268,36,70500,20000000,50000,0.01981333734650907,0.75,0.045,0.07,1946,2400,2549
8279,2625,207,2718,125,70500,20000000,50000,0.0027281825552509286,0.75,0.045,0.07,2719,3856,4629
8279,4826,160,4948,223,70500,20000000,50000,0.0003700923931708333,0.75,0.045,0.07,3398,5241,7269
8279,253,107,259,5,71000,20000000,50000,0.5246331135813284,0.75,0.045,0.07,1108,984,979
8279,537,139,550,7,71000,20000000,50000,0.12995149343859222,0.75,0.045,0.07,1250,1457,1431
8279,1250,170,1290,42,71000,20000000,50000,0.01981333734650907,0.75,0.045,0.07,2036,2384,2624
8279,2621,166,2725,117,71000,20000000,50000,0.0027281825552509286,0.75,0.045,0.07,2721,3826,4613
8279,2483,359,7738,4722,7000,20000000,50000,0.0003700923931708333,0.75,0.045,0.07,14591,35631,38234
8279,4854,167,4978,225,71000,20000000,50000,0.0003700923931708333,0.75,0.045,0.07,3340,5060,7326
8279,270,96,279,6,71500,20000000,50000,0.5246331135813284,0.75,0.045,0.07,1067,1095,944
8279,589,149,603,7,71500,20000000,50000,0.12995149343859222,0.75,0.045,0.07,1488,1541,1544
8279,1218,194,1254,34,71500,20000000,50000,0.01981333734650907,0.75,0.045,0.07,2010,2330,2643
8279,2646,186,2750,116,71500,20000000,50000,0.0027281825552509286,0.75,0.045,0.07,2713,3886,4657
8279,4870,155,4997,238,71500,20000000,50000,0.0003700923931708333,0.75,0.045,0.07,3399,5225,7350
8279,173,69,176,0,72000,20000000,50000,0.5246331135813284,0.75,0.045,0.07,545,540,597
8279,459,100,462,5,72000,20000000,50000,0.12995149343859222,0.75,0.045,0.07,802,1012,999
8279,1121,116,1139,24,72000,20000000,50000,0.01981333734650907,0.75,0.045,0.07,1329,1773,2038
8279,2549,165,2599,71,72000,20000000,50000,0.0027281825552509286,0.75,0.045,0.07,2264,3252,4048
8279,2201,1710,4545,1953,7500,20000000,50000,0.5246331135813284,0.75,0.045,0.07,15743,26004,26546
8279,4796,151,4906,179,72000,20000000,50000,0.0003700923931708333,0.75,0.045,0.07,2840,4930,6864
8279,189,69,190,1,72500,20000000,50000,0.5246331135813284,0.75,0.045,0.07,599,587,603
8279,443,94,449,5,72500,20000000,50000,0.12995149343859222,0.75,0.045,0.07,797,1002,1000
8279,1127,114,1141,13,72500,20000000,50000,0.01981333734650907,0.75,0.045,0.07,1224,1801,1987
8279,2481,172,2541,67,72500,20000000,50000,0.0027281825552509286,0.75,0.045,0.07,2147,3201,4029
8279,4754,139,4862,206,72500,20000000,50000,0.0003700923931708333,0.75,0.045,0.07,2960,4888,6893
8279,151,67,153,0,73000,20000000,50000,0.5246331135813284,0.75,0.045,0.07,579,555,572
8279,470,68,474,6,73000,20000000,50000,0.12995149343859222,0.75,0.045,0.07,814,970,995
8279,1053,139,1075,21,73000,20000000,50000,0.01981333734650907,0.75,0.045,0.07,1190,1768,1883
8279,2492,171,2548,89,73000,20000000,50000,0.0027281825552509286,0.75,0.045,0.07,2065,3299,4050
8279,2200,1389,4967,2439,7500,20000000,50000,0.12995149343859222,0.75,0.045,0.07,15246,27919,28195
8279,4832,137,4917,178,73000,20000000,50000,0.0003700923931708333,0.75,0.045,0.07,2914,4817,6873
8279,167,71,170,1,73500,20000000,50000,0.5246331135813284,0.75,0.045,0.07,577,564,564
8279,485,80,491,6,73500,20000000,50000,0.12995149343859222,0.75,0.045,0.07,783,999,1035
8279,1113,116,1127,18,73500,20000000,50000,0.01981333734650907,0.75,0.045,0.07,1264,1755,1977
8279,2479,156,2547,79,73500,20000000,50000,0.0027281825552509286,0.75,0.045,0.07,2131,3230,3906
8279,4722,141,4809,181,73500,20000000,50000,0.0003700923931708333,0.75,0.045,0.07,2713,4888,6654
8279,171,61,172,0,74000,20000000,50000,0.5246331135813284,0.75,0.045,0.07,581,569,542
8279,458,88,471,1,74000,20000000,50000,0.12995149343859222,0.75,0.045,0.07,779,959,1061
8279,1104,121,1118,19,74000,20000000,50000,0.01981333734650907,0.75,0.045,0.07,1251,1735,1964
8279,2465,142,2525,53,74000,20000000,50000,0.0027281825552509286,0.75,0.045,0.07,1901,3213,3846
8279,2320,1168,5822,2937,7500,20000000,50000,0.01981333734650907,0.75,0.045,0.07,14976,30673,30976
8279,4687,115,4787,187,74000,20000000,50000,0.0003700923931708333,0.75,0.045,0.07,2686,4744,6696
8279,174,68,176,3,74500,20000000,50000,0.5246331135813284,0.75,0.045,0.07,583,607,586
8279,418,94,425,4,74500,20000000,50000,0.12995149343859222,0.75,0.045,0.07,797,955,964
8279,1109,105,1130,5,74500,20000000,50000,0.01981333734650907,0.75,0.045,0.07,1184,1746,1914
8279,2447,156,2501,66,74500,20000000,50000,0.0027281825552509286,0.75,0.045,0.07,2028,3181,3909
8279,4743,123,4833,166,74500,20000000,50000,0.0003700923931708333,0.75,0.045,0.07,2741,4775,6664
8279,172,69,173,0,75000,20000000,50000,0.5246331135813284,0.75,0.045,0.07,602,525,573
8279,455,94,460,3,75000,20000000,50000,0.12995149343859222,0.75,0.045,0.07,831,925,1025
8279,1083,126,1109,17,75000,20000000,50000,0.01981333734650907,0.75,0.045,0.07,1310,1740,2008
8279,2485,147,2532,73,75000,20000000,50000,0.0027281825552509286,0.75,0.045,0.07,1997,3214,3833
8279,2481,806,6836,3781,7500,20000000,50000,0.0027281825552509286,0.75,0.045,0.07,15109,33071,34322
8279,4783,140,4874,159,75000,20000000,50000,0.0003700923931708333,0.75,0.045,0.07,2698,4879,6750
8279,181,41,181,5,75500,20000000,50000,0.5246331135813284,0.75,0.045,0.07,538,558,572
8279,474,96,474,5,75500,20000000,50000,0.12995149343859222,0.75,0.045,0.07,760,922,1009
8279,1076,123,1094,16,75500,20000000,50000,0.01981333734650907,0.75,0.045,0.07,1226,1743,1938
8279,2487,160,2540,62,75500,20000000,50000,0.0027281825552509286,0.75,0.045,0.07,1919,3220,3908
8279,4771,109,4849,149,75500,20000000,50000,0.0003700923931708333,0.75,0.045,0.07,2612,4762,6586
8279,167,67,168,1,76000,20000000,50000,0.5246331135813284,0.75,0.045,0.07,612,599,588
8279,479,95,483,6,76000,20000000,50000,0.12995149343859222,0.75,0.045,0.07,798,934,1046
8279,1075,105,1094,16,76000,20000000,50000,0.01981333734650907,0.75,0.045,0.07,1167,1821,1893
8279,2493,159,2556,62,76000,20000000,50000,0.0027281825552509286,0.75,0.045,0.07,1889,3154,3871
8279,2837,404,7689,4466,7500,20000000,50000,0.0003700923931708333,0.75,0.045,0.07,16061,33881,37265
8279,4707,134,4771,173,76000,20000000,50000,0.0003700923931708333,0.75,0.045,0.07,2538,4744,6522
8279,172,68,176,1,76500,20000000,50000,0.5246331135813284,0.75,0.045,0.07,565,577,533
8279,459,89,461,6,76500,20000000,50000,0.12995149343859222,0.75,0.045,0.07,808,919,1002
8279,1090,146,1108,17,76500,20000000,50000,0.01981333734650907,0.75,0.045,0.07,1226,1852,2029
8279,2491,162,2556,60,76500,20000000,50000,0.0027281825552509286,0.75,0.045,0.07,1952,3209,3914
8279,4708,108,4804,162,76500,20000000,50000,0.0003700923931708333,0.75,0.045,0.07,2414,4792,6470
8279,188,58,190,5,77000,20000000,50000,0.5246331135813284,0.75,0.045,0.07,578,562,603
8279,472,88,477,4,77000,20000000,50000,0.12995149343859222,0.75,0.045,0.07,764,936,1031
8279,1089,113,1108,11,77000,20000000,50000,0.01981333734650907,0.75,0.045,0.07,1144,1736,1914
8279,2410,167,2469,65,77000,20000000,50000,0.0027281825552509286,0.75,0.045,0.07,1878,3224,3759
8279,2077,1591,4385,1935,8000,20000000,50000,0.5246331135813284,0.75,0.045,0.07,14843,26458,25540
8279,4720,124,4803,189,77000,20000000,50000,0.0003700923931708333,0.75,0.045,0.07,2574,4724,6528
8279,162,75,162,4,77500,20000000,50000,0.5246331135813284,0.75,0.045,0.07,555,569,590
8279,465,74,469,6,77500,20000000,50000,0.12995149343859222,0.75,0.045,0.07,771,933,970
8279,1097,109,1110,14,77500,20000000,50000,0.01981333734650907,0.75,0.045,0.07,1215,1771,1956
8279,2487,145,2539,73,77500,20000000,50000,0.0027281825552509286,0.75,0.045,0.07,1868,3144,3821
8279,4664,116,4769,167,77500,20000000,50000,0.0003700923931708333,0.75,0.045,0.07,2470,4762,6470
8279,187,76,190,1,78000,20000000,50000,0.5246331135813284,0.75,0.045,0.07,592,569,593
8279,457,77,465,6,78000,20000000,50000,0.12995149343859222,0.75,0.045,0.07,815,986,1015
8279,1070,100,1089,24,78000,20000000,50000,0.01981333734650907,0.75,0.045,0.07,1070,1792,1858
8279,2479,138,2521,72,78000,20000000,50000,0.0027281825552509286,0.75,0.045,0.07,1795,3116,3808
8279,2277,1461,5042,2323,8000,20000000,50000,0.12995149343859222,0.75,0.045,0.07,15197,27541,27785
8279,4656,108,4737,143,78000,20000000,50000,0.0003700923931708333,0.75,0.045,0.07,2468,4744,6379
8279,173,76,176,3,78500,20000000,50000,0.5246331135813284,0.75,0.045,0.07,595,593,554
8279,476,62,483,5,78500,20000000,50000,0.12995149343859222,0.75,0.045,0.07,768,924,1003
8279,1062,110,1081,21,78500,20000000,50000,0.01981333734650907,0.75,0.045,0.07,1186,1749,1853
8279,2421,132,2473,73,78500,20000000,50000,0.0027281825552509286,0.75,0.045,0.07,1779,3190,3678
8279,4651,136,4724,145,78500,20000000,50000,0.0003700923931708333,0.75,0.045,0.07,2402,4679,6366
8279,170,64,171,2,79000,20000000,50000,0.5246331135813284,0.75,0.045,0.07,561,516,561
8279,451,93,456,3,79000,20000000,50000,0.12995149343859222,0.75,0.045,0.07,769,941,959
8279,1113,117,1132,24,79000,20000000,50000,0.01981333734650907,0.75,0.045,0.07,1177,1738,1953
8279,2407,153,2455,70,79000,20000000,50000,0.0027281825552509286,0.75,0.045,0.07,1857,3112,3720
8279,2447,1271,5852,2973,8000,20000000,50000,0.01981333734650907,0.75,0.045,0.07,15980,29887,31038
8279,4621,107,4706,145,79000,20000000,50000,0.0003700923931708333,0.75,0.045,0.07,2322,4615,6280
8279,179,65,181,1,79500,20000000,50000,0.5246331135813284,0.75,0.045,0.07,589,535,586
8279,452,82,460,5,79500,20000000,50000,0.12995149343859222,0.75,0.045,0.07,777,842,979
8279,1036,119,1053,21,79500,20000000,50000,0.01981333734650907,0.75,0.045,0.07,1109,1703,1843
8279,2403,136,2451,72,79500,20000000,50000,0.0027281825552509286,0.75,0.045,0.07,1857,3079,3716
8279,4669,111,4744,179,79500,20000000,50000,0.0003700923931708333,0.75,0.045,0.07,2281,4589,6329
8279,181,69,182,2,80000,20000000,50000,0.5246331135813284,0.75,0.045,0.07,563,520,547
8279,448,83,458,12,80000,20000000,50000,0.12995149343859222,0.75,0.045,0.07,790,937,1001
8279,1108,125,1119,25,80000,20000000,50000,0.01981333734650907,0.75,0.045,0.07,1120,1686,1898
8279,2421,147,2472,69,80000,20000000,50000,0.0027281825552509286,0.75,0.045,0.07,1858,3091,3771
8279,2535,779,6827,3813,8000,20000000,50000,0.0027281825552509286,0.75,0.045,0.07,14964,33177,34404
8279,1304,861,7195,4990,1000,20000000,50000,0.12995149343859222,0.75,0.045,0.07,9539,41216,42466
8279,4671,129,4739,149,80000,20000000,50000,0.0003700923931708333,0.75,0.045,0.07,2316,4629,6304
8279,184,60,184,4,80500,20000000,50000,0.5246331135813284,0.75,0.045,0.07,590,558,617
8279,486,74,490,6,80500,20000000,50000,0.12995149343859222,0.75,0.045,0.07,689,912,1008
8279,1092,96,1107,18,80500,20000000,50000,0.01981333734650907,0.75,0.045,0.07,1101,1685,1859
8279,2424,146,2476,55,80500,20000000,50000,0.0027281825552509286,0.75,0.045,0.07,1777,3033,3695
8279,4587,86,4667,145,80500,20000000,50000,0.0003700923931708333,0.75,0.045,0.07,2148,4607,6123
8279,156,62,156,0,81000,20000000,50000,0.5246331135813284,0.75,0.045,0.07,568,560,542
8279,500,84,505,4,81000,20000000,50000,0.12995149343859222,0.75,0.045,0.07,804,847,1034
8279,1044,110,1064,11,81000,20000000,50000,0.01981333734650907,0.75,0.045,0.07,1129,1669,1836
8279,2381,110,2426,58,81000,20000000,50000,0.0027281825552509286,0.75,0.045,0.07,1662,3055,3556
8279,2802,436,7666,4367,8000,20000000,50000,0.0003700923931708333,0.75,0.045,0.07,16027,33420,36840
8279,4559,103,4644,131,81000,20000000,50000,0.0003700923931708333,0.75,0.045,0.07,2216,4638,6112
8279,178,68,180,0,81500,20000000,50000,0.5246331135813284,0.75,0.045,0.07,528,547,534
8279,439,75,446,6,81500,20000000,50000,0.12995149343859222,0.75,0.045,0.07,786,893,978
8279,1019,104,1036,19,81500,20000000,50000,0.01981333734650907,0.75,0.045,0.07,1121,1681,1785
8279,2440,116,2495,54,81500,20000000,50000,0.0027281825552509286,0.75,0.045,0.07,1813,3048,3680
8279,4603,99,4668,159,81500,20000000,50000,0.0003700923931708333,0.75,0.045,0.07,2232,4530,6190
8279,176,60,176,1,82000,20000000,50000,0.5246331135813284,0.75,0.045,0.07,567,534,544
8279,454,73,459,3,82000,20000000,50000,0.12995149343859222,0.75,0.045,0.07,794,923,1012
8279,1097,102,1110,19,82000,20000000,50000,0.01981333734650907,0.75,0.045,0.07,1095,1686,1884
8279,2368,140,2409,65,82000,20000000,50000,0.0027281825552509286,0.75,0.045,0.07,1664,3012,3581
8279,2193,1687,4472,1895,8500,20000000,50000,0.5246331135813284,0.75,0.045,0.07,15860,25731,26265
8279,4622,117,4692,147,82000,20000000,50000,0.0003700923931708333,0.75,0.045,0.07,2087,4526,6153
8279,179,64,183,0,82500,20000000,50000,0.5246331135813284,0.75,0.045,0.07,581,538,549
8279,434,86,441,5,82500,20000000,50000,0.12995149343859222,0.75,0.045,0.07,790,967,978
8279,1044,114,1060,20,82500,20000000,50000,0.01981333734650907,0.75,0.045,0.07,1133,1690,1853
8279,2364,141,2426,64,82500,20000000,50000,0.0027281825552509286,0.75,0.045,0.07,1695,3024,3603
8279,4588,116,4645,109,82500,20000000,50000,0.0003700923931708333,0.75,0.045,0.07,2183,4466,6079
8279,171,64,173,1,83000,20000000,50000,0.5246331135813284,0.75,0.045,0.07,596,531,547
8279,446,95,448,4,83000,20000000,50000,0.12995149343859222,0.75,0.045,0.07,768,887,952
8279,1049,127,1061,18,83000,20000000,50000,0.01981333734650907,0.75,0.045,0.07,1148,1668,1848
8279,2431,126,2485,72,83000,20000000,50000,0.0027281825552509286,0.75,0.045,0.07,1739,3028,3673
8279,2336,1450,5152,2409,8500,20000000,50000,0.12995149343859222,0.75,0.045,0.07,15633,27926,28565
8279,4597,104,4668,141,83000,20000000,50000,0.0003700923931708333,0.75,0.045,0.07,2098,4568,6124
8279,188,85,189,0,83500,20000000,50000,0.5246331135813284,0.75,0.045,0.07,598,556,580
8279,464,84,470,5,83500,20000000,50000,0.12995149343859222,0.75,0.045,0.07,774,910,990
8279,1046,100,1065,28,83500,20000000,50000,0.01981333734650907,0.75,0.045,0.07,1128,1683,1809
8279,2390,139,2438,79,83500,20000000,50000,0.0027281825552509286,0.75,0.045,0.07,1730,2967,3608
8279,4624,106,4689,149,83500,20000000,50000,0.0003700923931708333,0.75,0.045,0.07,2040,4520,6098
8279,132,29,133,0,84000,20000000,50000,0.5246331135813284,0.75,0.045,0.07,298,362,336
8279,376,51,378,5,84000,20000000,50000,0.12995149343859222,0.75,0.045,0.07,465,661,676
8279,943,66,957,20,84000,20000000,50000,0.01981333734650907,0.75,0.045,0.07,668,1386,1437
8279,2298,110,2327,43,84000,20000000,50000,0.0027281825552509286,0.75,0.045,0.07,1245,2606,3220
8279,2460,1285,5872,2841,8500,20000000,50000,0.01981333734650907,0.75,0.045,0.07,15732,29937,30649
8279,4603,92,4653,109,84000,20000000,50000,0.0003700923931708333,0.75,0.045,0.07,1821,4240,5864
8279,124,32,124,1,84500,20000000,50000,0.5246331135813284,0.75,0.045,0.07,299,336,332
8279,384,41,387,3,84500,20000000,50000,0.12995149343859222,0.75,0.045,0.07,401,612,675
8279,984,79,988,13,84500,20000000,50000,0.01981333734650907,0.75,0.045,0.07,710,1373,1465
8279,2231,101,2270,44,84500,20000000,50000,0.0027281825552509286,0.75,0.045,0.07,1230,2625,3118
8279,4532,108,4577,122,84500,20000000,50000,0.0003700923931708333,0.75,0.045,0.07,1792,4309,5842
8279,127,23,128,0,85000,20000000,50000,0.5246331135813284,0.75,0.045,0.07,317,312,332
8279,406,41,407,4,85000,20000000,50000,0.12995149343859222,0.75,0.045,0.07,429,604,684
8279,963,67,974,11,85000,20000000,50000,0.01981333734650907,0.75,0.045,0.07,731,1320,1463
8279,2273,119,2313,42,85000,20000000,50000,0.0027281825552509286,0.75,0.045,0.07,1251,2667,3202
8279,2571,787,6779,3753,8500,20000000,50000,0.0027281825552509286,0.75,0.045,0.07,15367,32807,34188
8279,4523,81,4568,100,85000,20000000,50000,0.0003700923931708333,0.75,0.045,0.07,1672,4213,5710
8279,125,25,125,1,85500,20000000,50000,0.5246331135813284,0.75,0.045,0.07,285,336,299
8279,375,44,378,2,85500,20000000,50000,0.12995149343859222,0.75,0.045,0.07,416,674,673
8279,942,75,945,10,85500,20000000,50000,0.01981333734650907,0.75,0.045,0.07,712,1305,1426
8279,2298,99,2321,35,85500,20000000,50000,0.0027281825552509286,0.75,0.045,0.07,1283,2562,3109
8279,4564,97,4606,101,85500,20000000,50000,0.0003700923931708333,0.75,0.045,0.07,1796,4254,5810
8279,116,30,118,1,86000,20000000,50000,0.5246331135813284,0.75,0.045,0.07,279,328,327
8279,400,44,404,2,86000,20000000,50000,0.12995149343859222,0.75,0.045,0.07,430,631,717
8279,955,58,969,12,86000,20000000,50000,0.01981333734650907,0.75,0.045,0.07,637,1319,1390
8279,2263,99,2290,31,86000,20000000,50000,0.0027281825552509286,0.75,0.045,0.07,1062,2627,3084
8279,2877,404,7621,4367,8500,20000000,50000,0.0003700923931708333,0.75,0.045,0.07,15971,33207,36407
8279,4499,69,4541,112,86000,20000000,50000,0.0003700923931708333,0.75,0.045,0.07,1618,4159,5677
8279,126,36,127,0,86500,20000000,50000,0.5246331135813284,0.75,0.045,0.07,301,333,333
8279,396,43,397,1,86500,20000000,50000,0.12995149343859222,0.75,0.045,0.07,433,645,740
8279,941,65,950,8,86500,20000000,50000,0.01981333734650907,0.75,0.045,0.07,734,1277,1431
8279,2249,88,2275,54,86500,20000000,50000,0.0027281825552509286,0.75,0.045,0.07,1234,2606,3146
8279,4505,91,4562,93,86500,20000000,50000,0.0003700923931708333,0.75,0.045,0.07,1594,4166,5655
8279,115,33,115,1,87000,20000000,50000,0.5246331135813284,0.75,0.045,0.07,323,351,301
8279,374,50,377,1,87000,20000000,50000,0.12995149343859222,0.75,0.045,0.07,394,664,671
8279,930,68,940,11,87000,20000000,50000,0.01981333734650907,0.75,0.045,0.07,690,1299,1422
8279,2219,89,2246,39,87000,20000000,50000,0.0027281825552509286,0.75,0.045,0.07,1155,2614,3085
8279,2234,1695,4539,1944,9000,20000000,50000,0.5246331135813284,0.75,0.045,0.07,15769,26062,26267
8279,4486,83,4532,97,87000,20000000,50000,0.0003700923931708333,0.75,0.045,0.07,1597,4218,5531
8279,148,30,148,0,87500,20000000,50000,0.5246331135813284,0.75,0.045,0.07,284,347,377
8279,368,42,371,1,87500,20000000,50000,0.12995149343859222,0.75,0.045,0.07,441,640,638
8279,966,81,973,10,87500,20000000,50000,0.01981333734650907,0.75,0.045,0.07,672,1266,1434
8279,2269,94,2293,42,87500,20000000,50000,0.0027281825552509286,0.75,0.045,0.07,1262,2561,3124
8279,4504,74,4551,96,87500,20000000,50000,0.0003700923931708333,0.75,0.045,0.07,1604,4286,5633
8279,123,29,124,1,88000,20000000,50000,0.5246331135813284,0.75,0.045,0.07,278,314,298
8279,395,35,396,5,88000,20000000,50000,0.12995149343859222,0.75,0.045,0.07,399,631,706
8279,965,65,975,9,88000,20000000,50000,0.01981333734650907,0.75,0.045,0.07,724,1295,1439
8279,2208,82,2237,26,88000,20000000,50000,0.0027281825552509286,0.75,0.045,0.07,1172,2558,3010
8279,2181,1473,4919,2244,9000,20000000,50000,0.12995149343859222,0.75,0.045,0.07,15523,27537,27427
8279,4461,76,4504,114,88000,20000000,50000,0.0003700923931708333,0.75,0.045,0.07,1594,4190,5570
8279,122,33,122,0,88500,20000000,50000,0.5246331135813284,0.75,0.045,0.07,299,332,317
8279,389,47,391,3,88500,20000000,50000,0.12995149343859222,0.75,0.045,0.07,469,638,676
8279,937,65,943,12,88500,20000000,50000,0.01981333734650907,0.75,0.045,0.07,624,1286,1431
8279,2245,91,2271,37,88500,20000000,50000,0.0027281825552509286,0.75,0.045,0.07,1158,2569,3037
8279,4504,78,4546,92,88500,20000000,50000,0.0003700923931708333,0.75,0.045,0.07,1540,4153,5622
8279,130,45,132,1,89000,20000000,50000,0.5246331135813284,0.75,0.045,0.07,286,324,356
8279,370,35,371,2,89000,20000000,50000,0.12995149343859222,0.75,0.045,0.07,429,658,643
8279,935,68,941,8,89000,20000000,50000,0.01981333734650907,0.75,0.045,0.07,656,1274,1370
8279,2219,96,2256,34,89000,20000000,50000,0.0027281825552509286,0.75,0.045,0.07,1130,2558,2961
8279,2420,1173,5699,2780,9000,20000000,50000,0.01981333734650907,0.75,0.045,0.07,15248,29685,29706
8279,4520,74,4563,106,89000,20000000,50000,0.0003700923931708333,0.75,0.045,0.07,1554,4242,5581
8279,133,25,134,0,89500,20000000,50000,0.5246331135813284,0.75,0.045,0.07,313,309,324
8279,377,51,382,2,89500,20000000,50000,0.12995149343859222,0.75,0.045,0.07,426,623,672
8279,960,46,968,11,89500,20000000,50000,0.01981333734650907,0.75,0.045,0.07,665,1239,1405
8279,2255,86,2285,36,89500,20000000,50000,0.0027281825552509286,0.75,0.045,0.07,1112,2602,3052
8279,4492,77,4527,108,89500,20000000,50000,0.0003700923931708333,0.75,0.045,0.07,1481,4145,5553
8279,136,36,136,0,90000,20000000,50000,0.5246331135813284,0.75,0.045,0.07,277,321,329
8279,355,34,359,2,90000,20000000,50000,0.12995149343859222,0.75,0.045,0.07,459,631,625
8279,936,57,943,7,90000,20000000,50000,0.01981333734650907,0.75,0.045,0.07,637,1303,1398
8279,2188,86,2211,29,90000,20000000,50000,0.0027281825552509286,0.75,0.045,0.07,1112,2552,2993
8279,2513,784,6601,3631,9000,20000000,50000,0.0027281825552509286,0.75,0.045,0.07,15355,32337,33213
8279,342,148,8093,6536,1000,20000000,50000,0.01981333734650907,0.75,0.045,0.07,2405,47866,48241
8279,4497,86,4550,99,90000,20000000,50000,0.0003700923931708333,0.75,0.045,0.07,1500,4222,5597
8279,140,32,140,0,90500,20000000,50000,0.5246331135813284,0.75,0.045,0.07,285,333,340
8279,371,58,374,2,90500,20000000,50000,0.12995149343859222,0.75,0.045,0.07,470,637,695
8279,958,64,969,13,90500,20000000,50000,0.01981333734650907,0.75,0.045,0.07,688,1266,1408
8279,2218,94,2239,28,90500,20000000,50000,0.0027281825552509286,0.75,0.045,0.07,1005,2480,2965
8279,4512,81,4558,88,90500,20000000,50000,0.0003700923931708333,0.75,0.045,0.07,1418,4087,5611
8279,121,24,121,0,91000,20000000,50000,0.5246331135813284,0.75,0.045,0.07,311,295,311
8279,380,61,380,1,91000,20000000,50000,0.12995149343859222,0.75,0.045,0.07,409,617,699
8279,931,66,937,12,91000,20000000,50000,0.01981333734650907,0.75,0.045,0.07,681,1267,1401
8279,2211,94,2242,27,91000,20000000,50000,0.0027281825552509286,0.75,0.045,0.07,1104,2577,2992
8279,2981,448,7608,4340,9000,20000000,50000,0.0003700923931708333,0.75,0.045,0.07,16665,32209,35774
8279,4429,99,4482,86,91000,20000000,50000,0.0003700923931708333,0.75,0.045,0.07,1476,4160,5462
8279,123,32,125,2,91500,20000000,50000,0.5246331135813284,0.75,0.045,0.07,327,322,320
8279,397,40,399,4,91500,20000000,50000,0.12995149343859222,0.75,0.045,0.07,414,649,673
8279,966,86,977,7,91500,20000000,50000,0.01981333734650907,0.75,0.045,0.07,699,1297,1442
8279,2225,89,2245,30,91500,20000000,50000,0.0027281825552509286,0.75,0.045,0.07,1023,2473,2939
8279,4387,80,4438,88,91500,20000000,50000,0.0003700923931708333,0.75,0.045,0.07,1337,4130,5450
8279,125,31,127,1,92000,20000000,50000,0.5246331135813284,0.75,0.045,0.07,292,340,350
8279,373,37,379,3,92000,20000000,50000,0.12995149343859222,0.75,0.045,0.07,430,620,653
8279,949,66,953,13,92000,20000000,50000,0.01981333734650907,0.75,0.045,0.07,695,1275,1407
8279,2269,97,2294,42,92000,20000000,50000,0.0027281825552509286,0.75,0.045,0.07,1109,2577,3049
8279,2125,1718,4420,1869,9500,20000000,50000,0.5246331135813284,0.75,0.045,0.07,15411,26133,25814
8279,4438,67,4483,88,92000,20000000,50000,0.0003700923931708333,0.75,0.045,0.07,1474,4123,5462
8279,126,31,126,0,92500,20000000,50000,0.5246331135813284,0.75,0.045,0.07,309,276,340
8279,373,46,379,3,92500,20000000,50000,0.12995149343859222,0.75,0.045,0.07,398,584,669
8279,895,83,910,12,92500,20000000,50000,0.01981333734650907,0.75,0.045,0.07,642,1293,1336
8279,2215,82,2234,36,92500,20000000,50000,0.0027281825552509286,0.75,0.045,0.07,1016,2470,2959
8279,4390,67,4423,87,92500,20000000,50000,0.0003700923931708333,0.75,0.045,0.07,1354,4080,5311
8279,125,35,125,2,93000,20000000,50000,0.5246331135813284,0.75,0.045,0.07,311,346,314
8279,387,42,390,4,93000,20000000,50000,0.12995149343859222,0.75,0.045,0.07,400,607,658
8279,938,50,943,8,93000,20000000,50000,0.01981333734650907,0.75,0.045,0.07,624,1250,1308
8279,2207,96,2225,27,93000,20000000,50000,0.0027281825552509286,0.75,0.045,0.07,1021,2492,2910
8279,2362,1509,4957,2285,9500,20000000,50000,0.12995149343859222,0.75,0.045,0.07,15893,27260,27910
8279,4420,67,4459,76,93000,20000000,50000,0.0003700923931708333,0.75,0.045,0.07,1369,4137,5411
8279,146,35,146,1,93500,20000000,50000,0.5246331135813284,0.75,0.045,0.07,320,333,334
8279,366,43,367,4,93500,20000000,50000,0.12995149343859222,0.75,0.045,0.07,382,629,619
8279,922,67,932,13,93500,20000000,50000,0.01981333734650907,0.75,0.045,0.07,628,1274,1369
8279,2192,75,2214,38,93500,20000000,50000,0.0027281825552509286,0.75,0.045,0.07,1084,2495,2925
8279,4436,88,4479,79,93500,20000000,50000,0.0003700923931708333,0.75,0.045,0.07,1372,4108,5424
8279,117,32,118,0,94000,20000000,50000,0.5246331135813284,0.75,0.045,0.07,307,322,340
8279,372,40,372,3,94000,20000000,50000,0.12995149343859222,0.75,0.045,0.07,436,610,620
8279,929,56,937,12,94000,20000000,50000,0.01981333734650907,0.75,0.045,0.07,632,1299,1345
8279,2154,82,2173,42,94000,20000000,50000,0.0027281825552509286,0.75,0.045,0.07,940,2420,2861
8279,2547,1286,5786,2767,9500,20000000,50000,0.01981333734650907,0.75,0.045,0.07,15989,29238,30084
8279,4410,71,4437,75,94000,20000000,50000,0.0003700923931708333,0.75,0.045,0.07,1307,4053,5338
8279,122,33,123,1,94500,20000000,50000,0.5246331135813284,0.75,0.045,0.07,281,289,315
8279,358,49,361,7,94500,20000000,50000,0.12995149343859222,0.75,0.045,0.07,439,605,653
8279,912,59,919,8,94500,20000000,50000,0.01981333734650907,0.75,0.045,0.07,619,1263,1330
8279,2179,66,2199,26,94500,20000000,50000,0.0027281825552509286,0.75,0.045,0.07,1034,2448,2887
8279,4421,74,4453,93,94500,20000000,50000,0.0003700923931708333,0.75,0.045,0.07,1338,4027,5407
8279,135,20,136,1,95000,20000000,50000,0.5246331135813284,0.75,0.045,0.07,281,334,332
8279,389,55,391,2,95000,20000000,50000,0.12995149343859222,0.75,0.045,0.07,392,608,659
8279,937,51,946,8,95000,20000000,50000,0.01981333734650907,0.75,0.045,0.07,611,1221,1355
8279,2139,72,2160,23,95000,20000000,50000,0.0027281825552509286,0.75,0.045,0.07,989,2428,2877
8279,2595,797,6648,3483,9500,20000000,50000,0.0027281825552509286,0.75,0.045,0.07,15568,31733,32899
8279,4396,57,4424,71,95000,20000000,50000,0.0003700923931708333,0.75,0.045,0.07,1282,4072,5318
8279,120,29,120,0,95500,20000000,50000,0.5246331135813284,0.75,0.045,0.07,285,347,346
8279,378,39,383,4,95500,20000000,50000,0.12995149343859222,0.75,0.045,0.07,411,666,658
8279,946,62,955,7,95500,20000000,50000,0.01981333734650907,0.75,0.045,0.07,593,1290,1358
8279,2190,68,2209,31,95500,20000000,50000,0.0027281825552509286,0.75,0.045,0.07,1026,2455,2883
8279,4417,61,4455,87,95500,20000000,50000,0.0003700923931708333,0.75,0.045,0.07,1293,4106,5330
8279,95,19,95,0,96000,20000000,50000,0.5246331135813284,0.75,0.045,0.07,166,213,192
8279,317,32,317,2,96000,20000000,50000,0.12995149343859222,0.75,0.045,0.07,249,492,495
8279,842,48,849,5,96000,20000000,50000,0.01981333734650907,0.75,0.045,0.07,397,1039,1101
8279,2114,58,2135,25,96000,20000000,50000,0.0027281825552509286,0.75,0.045,0.07,773,2280,2645
8279,3048,415,7550,4258,9500,20000000,50000,0.0003700923931708333,0.75,0.045,0.07,16597,31888,35396
8279,4312,62,4334,74,96000,20000000,50000,0.0003700923931708333,0.75,0.045,0.07,1102,3922,5179
8279,102,17,102,0,96500,20000000,50000,0.5246331135813284,0.75,0.045,0.07,168,205,214
8279,330,24,333,0,96500,20000000,50000,0.12995149343859222,0.75,0.045,0.07,222,466,501
8279,875,39,878,8,96500,20000000,50000,0.01981333734650907,0.75,0.045,0.07,386,1001,1146
8279,2112,58,2131,16,96500,20000000,50000,0.0027281825552509286,0.75,0.045,0.07,766,2269,2614
8279,4309,58,4329,61,96500,20000000,50000,0.0003700923931708333,0.75,0.045,0.07,1091,3864,5055
8279,97,19,97,0,97000,20000000,50000,0.5246331135813284,0.75,0.045,0.07,127,209,200
8279,308,22,309,1,97000,20000000,50000,0.12995149343859222,0.75,0.045,0.07,240,416,479
8279,833,34,838,4,97000,20000000,50000,0.01981333734650907,0.75,0.045,0.07,427,1049,1107
8279,2077,69,2097,20,97000,20000000,50000,0.0027281825552509286,0.75,0.045,0.07,764,2218,2615
8279,2179,1645,4482,1926,10000,20000000,50000,0.5246331135813284,0.75,0.045,0.07,15196,25617,25870
8279,4317,66,4334,62,97000,20000000,50000,0.0003700923931708333,0.75,0.045,0.07,1130,3845,5079
8279,100,19,100,1,97500,20000000,50000,0.5246331135813284,0.75,0.045,0.07,147,187,196
8279,335,26,337,1,97500,20000000,50000,0.12995149343859222,0.75,0.045,0.07,232,469,476
8279,902,41,908,7,97500,20000000,50000,0.01981333734650907,0.75,0.045,0.07,402,1070,1187
8279,2073,59,2090,12,97500,20000000,50000,0.0027281825552509286,0.75,0.045,0.07,687,2183,2578
8279,4291,59,4315,64,97500,20000000,50000,0.0003700923931708333,0.75,0.045,0.07,973,3874,5063
8279,93,20,93,0,98000,20000000,50000,0.5246331135813284,0.75,0.045,0.07,157,205,189
8279,340,31,341,0,98000,20000000,50000,0.12995149343859222,0.75,0.045,0.07,235,474,499
8279,844,39,849,6,98000,20000000,50000,0.01981333734650907,0.75,0.045,0.07,373,1081,1128
8279,2098,66,2108,21,98000,20000000,50000,0.0027281825552509286,0.75,0.045,0.07,706,2230,2622
8279,2288,1502,4974,2291,10000,20000000,50000,0.12995149343859222,0.75,0.045,0.07,15894,27140,27655
8279,4317,63,4345,51,98000,20000000,50000,0.0003700923931708333,0.75,0.045,0.07,1046,3815,5000
8279,104,15,104,0,98500,20000000,50000,0.5246331135813284,0.75,0.045,0.07,153,197,185
8279,345,22,346,1,98500,20000000,50000,0.12995149343859222,0.75,0.045,0.07,204,469,485
8279,866,26,867,4,98500,20000000,50000,0.01981333734650907,0.75,0.045,0.07,399,1021,1124
8279,2095,63,2106,18,98500,20000000,50000,0.0027281825552509286,0.75,0.045,0.07,724,2238,2588
8279,4269,53,4289,57,98500,20000000,50000,0.0003700923931708333,0.75,0.045,0.07,983,3803,4960
8279,100,17,100,0,99000,20000000,50000,0.5246331135813284,0.75,0.045,0.07,168,202,207
8279,318,22,319,2,99000,20000000,50000,0.12995149343859222,0.75,0.045,0.07,230,481,494
8279,845,40,851,6,99000,20000000,50000,0.01981333734650907,0.75,0.045,0.07,397,1005,1107
8279,2118,62,2128,28,99000,20000000,50000,0.0027281825552509286,0.75,0.045,0.07,697,2218,2590
8279,2472,1234,5775,2801,10000,20000000,50000,0.01981333734650907,0.75,0.045,0.07,15927,29176,30129
8279,4330,57,4358,50,99000,20000000,50000,0.0003700923931708333,0.75,0.045,0.07,1075,3823,5056
8279,104,17,104,0,99500,20000000,50000,0.5246331135813284,0.75,0.045,0.07,154,204,184
8279,327,17,330,1,99500,20000000,50000,0.12995149343859222,0.75,0.045,0.07,202,466,485
8279,837,34,841,3,99500,20000000,50000,0.01981333734650907,0.75,0.045,0.07,388,1015,1094
8279,2108,58,2117,17,99500,20000000,50000,0.0027281825552509286,0.75,0.045,0.07,715,2216,2620
8279,4272,50,4297,58,99500,20000000,50000,0.0003700923931708333,0.75,0.045,0.07,1016,3903,4940
8279,94,14,95,1,100000,20000000,50000,0.5246331135813284,0.75,0.045,0.07,154,206,198
8279,321,24,321,3,100000,20000000,50000,0.12995149343859222,0.75,0.045,0.07,225,468,482
8279,834,37,838,3,100000,20000000,50000,0.01981333734650907,0.75,0.045,0.07,427,1036,1114
8279,2056,61,2073,22,100000,20000000,50000,0.0027281825552509286,0.75,0.045,0.07,686,2231,2534
8279,2758,896,6691,3451,10000,20000000,50000,0.0027281825552509286,0.75,0.045,0.07,16142,30921,32671
8279,127,41,8262,6854,1000,20000000,50000,0.0027281825552509286,0.75,0.045,0.07,966,49258,49768
