8279,4169,49,8232,3878,10000,20000000,50000,1e-05,0.75,0.045,0.07,17714,28002,31718
8279,2361,1515,4983,2203,10500,20000000,50000,0.1,0.75,0.045,0.07,16246,27396,27562
8279,2538,1113,5965,2939,10500,20000000,50000,0.01,0.75,0.045,0.07,15584,29703,30293
8279,2770,586,7083,3832,10500,20000000,50000,0.001,0.75,0.045,0.07,15499,31884,33590
8279,3770,231,7895,3998,10500,20000000,50000,0.0001,0.75,0.045,0.07,18405,29354,33724
8279,4346,55,8218,3668,10500,20000000,50000,1e-05,0.75,0.045,0.07,18008,27467,30921
8279,2326,1463,5012,2245,11000,20000000,50000,0.1,0.75,0.045,0.07,15559,27339,27412
8279,2591,1114,5966,2953,11000,20000000,50000,0.01,0.75,0.045,0.07,15867,29171,30525
8279,2948,647,7103,3794,11000,20000000,50000,0.001,0.75,0.045,0.07,16465,31112,33581
8279,3879,221,7910,3921,11000,20000000,50000,0.0001,0.75,0.045,0.07,18477,28878,33002
8279,0,0,8279,6921,1000,20000000,50000,1e-05,0.75,0.045,0.07,0,50000,49957
8279,4479,44,8222,3655,11000,20000000,50000,1e-05,0.75,0.045,0.07,18062,26497,30300
8279,2396,1490,4969,2296,11500,20000000,50000,0.1,0.75,0.045,0.07,15852,26999,27346
8279,2573,1073,5873,2971,11500,20000000,50000,0.01,0.75,0.045,0.07,15726,29204,30018
8279,2997,670,6982,3573,11500,20000000,50000,0.001,0.75,0.045,0.07,16336,30826,32711
8279,3831,239,7852,3901,11500,20000000,50000,0.0001,0.75,0.045,0.07,18238,28140,32884
8279,4551,48,8212,3537,11500,20000000,50000,1e-05,0.75,0.045,0.07,17826,25831,29851
8279,2403,1378,3484,1002,12000,20000000,50000,0.1,0.75,0.045,0.07,14479,16851,17857
8279,3017,1192,5045,1863,12000,20000000,50000,0.01,0.75,0.045,0.07,16143,21737,23286
8279,3454,690,6824,3163,12000,20000000,50000,0.001,0.75,0.045,0.07,17825,27108,30185
8279,4041,249,7830,3907,12000,20000000,50000,0.0001,0.75,0.045,0.07,19428,27174,32900
8279,1516,971,6800,4492,1500,20000000,50000,0.1,0.75,0.045,0.07,10759,39178,39504
8279,4504,52,8214,3833,12000,20000000,50000,1e-05,0.75,0.045,0.07,19390,26395,31764
8279,2324,1315,3402,967,12500,20000000,50000,0.1,0.75,0.045,0.07,13757,16878,16964
8279,2933,1151,4973,1784,12500,20000000,50000,0.01,0.75,0.045,0.07,16160,21792,23078
8279,3397,652,6764,3089,12500,20000000,50000,0.001,0.75,0.045,0.07,17280,26681,29498
8279,4059,250,7823,3700,12500,20000000,50000,0.0001,0.75,0.045,0.07,19341,26904,31959
8279,4575,59,8207,3623,12500,20000000,50000,1e-05,0.75,0.045,0.07,19004,25713,30649
8279,2351,1318,3492,1025,13000,20000000,50000,0.1,0.75,0.045,0.07,14327,17009,17512
8279,3014,1211,4926,1665,13000,20000000,50000,0.01,0.75,0.045,0.07,16152,21008,22443
8279,3513,704,6701,2953,13000,20000000,50000,0.001,0.75,0.045,0.07,17649,25742,28809
8279,4262,277,7796,3747,13000,20000000,50000,0.0001,0.75,0.045,0.07,19662,25870,31697
8279,748,336,7936,6139,1500,20000000,50000,0.01,0.75,0.045,0.07,5368,45659,46874
8279,4724,49,8205,3637,13000,20000000,50000,1e-05,0.75,0.045,0.07,19021,24878,29992
8279,2312,1319,3360,916,13500,20000000,50000,0.1,0.75,0.045,0.07,13891,16604,16868
8279,2920,1119,4895,1753,13500,20000000,50000,0.01,0.75,0.045,0.07,15561,21032,22091
8279,3575,677,6728,2820,13500,20000000,50000,0.001,0.75,0.045,0.07,16744,25530,27980
8279,4375,264,7811,3499,13500,20000000,50000,0.0001,0.75,0.045,0.07,19060,25239,30514
8279,4836,70,8198,3369,13500,20000000,50000,1e-05,0.75,0.045,0.07,18098,24237,28881
8279,2317,1337,3305,908,14000,20000000,50000,0.1,0.75,0.045,0.07,13961,15980,16584
8279,2958,1125,4846,1689,14000,20000000,50000,0.01,0.75,0.045,0.07,15469,20683,21700
8279,3726,722,6566,2795,14000,20000000,50000,0.001,0.75,0.045,0.07,17577,24327,27753
8279,4465,272,7787,3561,14000,20000000,50000,0.0001,0.75,0.045,0.07,19242,24566,30383
8279,228,51,8239,6755,1500,20000000,50000,0.001,0.75,0.045,0.07,1552,48861,49192
8279,5006,59,8205,3338,14000,20000000,50000,1e-05,0.75,0.045,0.07,18420,23261,28285
8279,2323,1309,3379,879,14500,20000000,50000,0.1,0.75,0.045,0.07,13433,16192,16643
8279,3021,1170,4813,1642,14500,20000000,50000,0.01,0.75,0.045,0.07,15539,19986,21468
8279,3733,739,6568,2694,14500,20000000,50000,0.001,0.75,0.045,0.07,17466,24001,27036
8279,4583,265,7782,3425,14500,20000000,50000,0.0001,0.75,0.045,0.07,19329,24013,29728
8279,5116,45,8191,3156,14500,20000000,50000,1e-05,0.75,0.045,0.07,18063,22816,27643
8279,2259,1281,3274,866,15000,20000000,50000,0.1,0.75,0.045,0.07,13390,16079,16430
8279,3034,1140,4728,1593,15000,20000000,50000,0.01,0.75,0.045,0.07,15282,20092,21003
8279,3813,702,6548,2719,15000,20000000,50000,0.001,0.75,0.045,0.07,17489,23457,26873
8279,4767,296,7720,3268,15000,20000000,50000,0.0001,0.75,0.045,0.07,19414,22953,28969
8279,103,10,8278,6887,1500,20000000,50000,0.0001,0.75,0.045,0.07,775,49436,49831
8279,5363,51,8208,3123,15000,20000000,50000,1e-05,0.75,0.045,0.07,18108,21737,26996
8279,2224,1321,3245,851,15500,20000000,50000,0.1,0.75,0.045,0.07,13451,15785,16091
8279,2939,1178,4596,1529,15500,20000000,50000,0.01,0.75,0.045,0.07,15411,19688,20726
8279,3770,736,6515,2632,15500,20000000,50000,0.001,0.75,0.045,0.07,17420,23729,26595
8279,4710,256,7673,3162,15500,20000000,50000,0.0001,0.75,0.045,0.07,18861,23038,28076
8279,5420,60,8190,2936,15500,20000000,50000,1e-05,0.75,0.045,0.07,18021,21483,26047
8279,2347,1382,3334,846,16000,20000000,50000,0.1,0.75,0.045,0.07,13694,15965,16790
8279,3097,1161,4756,1483,16000,20000000,50000,0.01,0.75,0.045,0.07,15639,19276,20967
8279,3837,702,6436,2543,16000,20000000,50000,0.001,0.75,0.045,0.07,17308,22772,26061
8279,4894,276,7718,3111,16000,20000000,50000,0.0001,0.75,0.045,0.07,19049,22018,27751
8279,81,0,8279,6896,1500,20000000,50000,1e-05,0.75,0.045,0.07,450,49655,49796
8279,5536,55,8193,2908,16000,20000000,50000,1e-05,0.75,0.045,0.07,17647,20604,25692
8279,2205,1259,3190,846,16500,20000000,50000,0.1,0.75,0.045,0.07,13497,15914,16284
8279,2959,1090,4683,1543,16500,20000000,50000,0.01,0.75,0.045,0.07,14912,19918,20554
8279,3852,740,6431,2467,16500,20000000,50000,0.001,0.75,0.045,0.07,17367,22847,25674
8279,5016,251,7669,2928,16500,20000000,50000,0.0001,0.75,0.045,0.07,18921,21635,27069
8279,5701,54,8188,2713,16500,20000000,50000,1e-05,0.75,0.045,0.07,17553,20258,25072
8279,2135,1251,3043,833,17000,20000000,50000,0.1,0.75,0.045,0.07,13046,15702,15369
8279,2967,1172,4605,1469,17000,20000000,50000,0.01,0.75,0.045,0.07,15150,19084,20439
8279,3762,699,6383,2428,17000,20000000,50000,0.001,0.75,0.045,0.07,16739,22633,25302
8279,5088,274,7711,2911,17000,20000000,50000,0.0001,0.75,0.045,0.07,18833,21341,26879
8279,1889,1203,6376,3899,2000,20000000,50000,0.1,0.75,0.045,0.07,13014,35853,36862
8279,5711,51,8192,2664,17000,20000000,50000,1e-05,0.75,0.045,0.07,16835,19907,24354
8279,2122,1234,3100,858,17500,20000000,50000,0.1,0.75,0.045,0.07,13155,15936,15620
8279,2933,1075,4493,1409,17500,20000000,50000,0.01,0.75,0.045,0.07,14680,19205,19777
8279,3909,715,6285,2329,17500,20000000,50000,0.001,0.75,0.045,0.07,16827,21984,24825
8279,5044,315,7596,2799,17500,20000000,50000,0.0001,0.75,0.045,0.07,18172,20747,26127
8279,5765,58,8156,2573,17500,20000000,50000,1e-05,0.75,0.045,0.07,16412,19359,23773
8279,2248,1292,3154,799,18000,20000000,50000,0.1,0.75,0.045,0.07,13430,15539,15887
8279,3034,1113,4638,1355,18000,20000000,50000,0.01,0.75,0.045,0.07,15341,18642,19940
8279,3987,720,6332,2323,18000,20000000,50000,0.001,0.75,0.045,0.07,17212,21180,24762
8279,5170,280,7642,2700,18000,20000000,50000,0.0001,0.75,0.045,0.07,18337,20326,25764
8279,1095,483,7623,5619,2000,20000000,50000,0.01,0.75,0.045,0.07,7625,43226,44200
8279,5947,48,8177,2419,18000,20000000,50000,1e-05,0.75,0.045,0.07,16202,18888,23283
8279,2192,1238,3155,850,18500,20000000,50000,0.1,0.75,0.045,0.07,13253,15638,15837
8279,3046,1155,4589,1382,18500,20000000,50000,0.01,0.75,0.045,0.07,15090,18448,19902
8279,4008,739,6308,2310,18500,20000000,50000,0.001,0.75,0.045,0.07,17001,21071,24341
8279,5219,232,7593,2638,18500,20000000,50000,0.0001,0.75,0.045,0.07,18245,19945,25147
8279,6020,58,8187,2317,18500,20000000,50000,1e-05,0.75,0.045,0.07,16221,18301,22677
8279,2234,1255,3190,829,19000,20000000,50000,0.1,0.75,0.045,0.07,13246,15562,15827
8279,3024,1220,4522,1298,19000,20000000,50000,0.01,0.75,0.045,0.07,14881,18247,19584
8279,3937,762,6254,2245,19000,20000000,50000,0.001,0.75,0.045,0.07,16411,21141,24162
8279,5246,259,7595,2727,19000,20000000,50000,0.0001,0.75,0.045,0.07,17861,19652,25383
8279,501,97,8152,6521,2000,20000000,50000,0.001,0.75,0.045,0.07,3587,47237,47950
8279,6061,64,8171,2308,19000,20000000,50000,1e-05,0.75,0.045,0.07,15769,17952,22668
8279,2194,1235,3126,794,19500,20000000,50000,0.1,0.75,0.045,0.07,12784,15222,15373
8279,3068,1150,4558,1379,19500,20000000,50000,0.01,0.75,0.045,0.07,15021,18168,19635
8279,3989,728,6144,2203,19500,20000000,50000,0.001,0.75,0.045,0.07,16496,20629,23574
8279,5258,241,7538,2636,19500,20000000,50000,0.0001,0.75,0.045,0.07,17923,19243,24702
8279,6126,45,8164,2305,19500,20000000,50000,1e-05,0.75,0.045,0.07,15543,17673,22004
8279,2231,1257,3179,823,20000,20000000,50000,0.1,0.75,0.045,0.07,12799,15566,15705
8279,2938,1144,4387,1281,20000,20000000,50000,0.01,0.75,0.045,0.07,14234,18118,18728
8279,4003,736,6313,2210,20000,20000000,50000,0.001,0.75,0.045,0.07,16484,20618,23622
8279,5402,276,7583,2502,20000,20000000,50000,0.0001,0.75,0.045,0.07,17552,18710,24407
8279,337,25,8252,6736,2000,20000000,50000,0.0001,0.75,0.045,0.07,2382,48203,48923
8279,293,194,8190,6627,500,20000000,50000,0.1,0.75,0.045,0.07,2284,48189,49208
8279,6132,46,8165,2198,20000,20000000,50000,1e-05,0.75,0.045,0.07,14706,17339,21569
8279,2141,1293,2994,780,20500,20000000,50000,0.1,0.75,0.045,0.07,13095,15103,15358
8279,2992,1119,4455,1306,20500,20000000,50000,0.01,0.75,0.045,0.07,14311,17949,19051
8279,3959,713,6196,2182,20500,20000000,50000,0.001,0.75,0.045,0.07,16374,20469,23168
8279,5393,267,7561,2451,20500,20000000,50000,0.0001,0.75,0.045,0.07,17386,18793,23890
8279,6266,38,8158,2109,20500,20000000,50000,1e-05,0.75,0.045,0.07,14855,17003,21188
8279,2179,1272,3065,760,21000,20000000,50000,0.1,0.75,0.045,0.07,12812,14797,15199
8279,2945,1087,4436,1254,21000,20000000,50000,0.01,0.75,0.045,0.07,14391,17796,18583
8279,3997,680,6172,2104,21000,20000000,50000,0.001,0.75,0.045,0.07,16409,20154,22971
8279,5466,285,7538,2383,21000,20000000,50000,0.0001,0.75,0.045,0.07,17495,18396,23553
8279,284,10,8276,6807,2000,20000000,50000,1e-05,0.75,0.045,0.07,2135,48464,49367
8279,6308,52,8140,2032,21000,20000000,50000,1e-05,0.75,0.045,0.07,14672,16544,20706
8279,2165,1244,3023,748,21500,20000000,50000,0.1,0.75,0.045,0.07,12952,14565,15079
8279,2984,1065,4432,1276,21500,20000000,50000,0.01,0.75,0.045,0.07,14276,17529,18616
8279,3982,750,6138,2051,21500,20000000,50000,0.001,0.75,0.045,0.07,16086,20002,22892
8279,5467,272,7541,2394,21500,20000000,50000,0.0001,0.75,0.045,0.07,17065,18054,23434
8279,6366,61,8150,1984,21500,20000000,50000,1e-05,0.75,0.045,0.07,14143,16208,20388
8279,2310,1315,3179,762,22000,20000000,50000,0.1,0.75,0.045,0.07,13384,14751,15525
8279,2971,1070,4381,1231,22000,20000000,50000,0.01,0.75,0.045,0.07,14485,17413,18624
8279,4086,637,6105,2037,22000,20000000,50000,0.001,0.75,0.045,0.07,16035,19549,22317
8279,5547,241,7516,2236,22000,20000000,50000,0.0001,0.75,0.045,0.07,17084,17586,22895
8279,2090,1331,6096,3381,2500,20000000,50000,0.1,0.75,0.045,0.07,14357,33701,34629
8279,6515,57,8158,1869,22000,20000000,50000,1e-05,0.75,0.045,0.07,14064,15734,19919
8279,2227,1341,3071,767,22500,20000000,50000,0.1,0.75,0.045,0.07,13287,14585,15518
8279,2964,1105,4324,1232,22500,20000000,50000,0.01,0.75,0.045,0.07,14671,17706,18483
8279,4128,734,6153,2016,22500,20000000,50000,0.001,0.75,0.045,0.07,16177,19159,22506
8279,5460,244,7510,2302,22500,20000000,50000,0.0001,0.75,0.045,0.07,16094,17324,22585
8279,6424,52,8142,1859,22500,20000000,50000,1e-05,0.75,0.045,0.07,13126,15443,19484
8279,2164,1299,3039,759,23000,20000000,50000,0.1,0.75,0.045,0.07,12804,14696,15226
8279,2955,1129,4327,1268,23000,20000000,50000,0.01,0.75,0.045,0.07,14352,17251,18435
8279,4031,693,6080,1975,23000,20000000,50000,0.001,0.75,0.045,0.07,15820,19197,21885
8279,5570,245,7521,2231,23000,20000000,50000,0.0001,0.75,0.045,0.07,16512,17248,22507
8279,1403,627,7451,5120,2500,20000000,50000,0.01,0.75,0.045,0.07,9241,41372,42209
8279,6497,45,8158,1872,23000,20000000,50000,1e-05,0.75,0.045,0.07,13149,15361,19325
8279,2224,1244,3035,743,23500,20000000,50000,0.1,0.75,0.045,0.07,12977,14854,15131
8279,2950,1102,4298,1199,23500,20000000,50000,0.01,0.75,0.045,0.07,14275,16670,18221
8279,4115,735,6026,1844,23500,20000000,50000,0.001,0.75,0.045,0.07,16249,18891,21863
8279,5648,272,7517,2171,23500,20000000,50000,0.0001,0.75,0.045,0.07,16570,16828,22210
8279,6580,52,8168,1702,23500,20000000,50000,1e-05,0.75,0.045,0.07,13073,15194,19011
8279,1800,889,2156,354,24000,20000000,50000,0.1,0.75,0.045,0.07,8978,9204,9589
8279,2830,875,3552,666,24000,20000000,50000,0.01,0.75,0.045,0.07,10994,12295,12938
8279,4184,637,5736,1605,24000,20000000,50000,0.001,0.75,0.045,0.07,14476,16520,18971
8279,5753,246,7408,2076,24000,20000000,50000,0.0001,0.75,0.045,0.07,16357,15767,21382
8279,783,177,8083,6266,2500,20000000,50000,0.001,0.75,0.045,0.07,5262,45805,46761
8279,6620,46,8154,1860,24000,20000000,50000,1e-05,0.75,0.045,0.07,13822,14737,19502
8279,1794,878,2136,319,24500,20000000,50000,0.1,0.75,0.045,0.07,8994,8803,9482
8279,2840,846,3645,679,24500,20000000,50000,0.01,0.75,0.045,0.07,11448,12501,13295
8279,4323,678,5783,1489,24500,20000000,50000,0.001,0.75,0.045,0.07,14579,15918,19010
8279,5876,253,7463,1977,24500,20000000,50000,0.0001,0.75,0.045,0.07,16257,15530,21191
8279,6707,51,8134,1652,24500,20000000,50000,1e-05,0.75,0.045,0.07,13190,14490,18619
8279,1688,864,2005,301,25000,20000000,50000,0.1,0.75,0.045,0.07,8761,8752,8960
8279,2768,905,3503,676,25000,20000000,50000,0.01,0.75,0.045,0.07,10995,12149,12894
8279,4222,675,5681,1491,25000,20000000,50000,0.001,0.75,0.045,0.07,14272,16000,18454
8279,5783,250,7424,2026,25000,20000000,50000,0.0001,0.75,0.045,0.07,15694,15199,20974
8279,601,45,8242,6598,2500,20000000,50000,0.0001,0.75,0.045,0.07,4156,46927,48263
8279,6716,51,8159,1728,25000,20000000,50000,1e-05,0.75,0.045,0.07,12828,14264,18647
8279,1674,872,2037,296,25500,20000000,50000,0.1,0.75,0.045,0.07,8581,8927,8971
8279,2819,861,3557,714,25500,20000000,50000,0.01,0.75,0.045,0.07,11230,11834,13054
8279,4168,704,5630,1484,25500,20000000,50000,0.001,0.75,0.045,0.07,14098,15536,18426
8279,5864,274,7396,1960,25500,20000000,50000,0.0001,0.75,0.045,0.07,15365,14934,20485
8279,6679,56,8121,1702,25500,20000000,50000,1e-05,0.75,0.045,0.07,12434,14171,18234
8279,1661,843,1984,288,26000,20000000,50000,0.1,0.75,0.045,0.07,8700,8745,8815
8279,2783,832,3522,686,26000,20000000,50000,0.01,0.75,0.045,0.07,11173,12103,12884
8279,4261,627,5633,1463,26000,20000000,50000,0.001,0.75,0.045,0.07,14223,15091,18092
8279,5782,248,7351,1833,26000,20000000,50000,0.0001,0.75,0.045,0.07,15156,14742,19938
8279,582,6,8277,6658,2500,20000000,50000,1e-05,0.75,0.045,0.07,3834,47180,48417
8279,6793,47,8128,1547,26000,20000000,50000,1e-05,0.75,0.045,0.07,12332,13603,17843
8279,1680,816,2036,276,26500,20000000,50000,0.1,0.75,0.045,0.07,8664,8848,8930
8279,2750,881,3508,641,26500,20000000,50000,0.01,0.75,0.045,0.07,11013,11658,12813
8279,4289,665,5685,1465,26500,20000000,50000,0.001,0.75,0.045,0.07,13909,15191,18272
8279,5892,244,7347,1827,26500,20000000,50000,0.0001,0.75,0.045,0.07,14996,14375,19560
8279,6848,44,8133,1529,26500,20000000,50000,1e-05,0.75,0.045,0.07,11831,13415,17453
8279,1726,870,2039,293,27000,20000000,50000,0.1,0.75,0.045,0.07,8567,8564,8935
8279,2849,874,3549,665,27000,20000000,50000,0.01,0.75,0.045,0.07,11195,11483,12910
8279,4329,572,5666,1394,27000,20000000,50000,0.001,0.75,0.045,0.07,13839,14950,17598
8279,6033,235,7341,1770,27000,20000000,50000,0.0001,0.75,0.045,0.07,14809,13922,19471
8279,2093,1296,5951,3297,3000,20000000,50000,0.1,0.75,0.045,0.07,14252,33149,33821
8279,6928,42,8136,1471,27000,20000000,50000,1e-05,0.75,0.045,0.07,11592,13064,17289
8279,1718,874,2026,321,27500,20000000,50000,0.1,0.75,0.045,0.07,8569,8774,9078
8279,2803,859,3511,695,27500,20000000,50000,0.01,0.75,0.045,0.07,10793,11565,12711
8279,4333,653,5607,1318,27500,20000000,50000,0.001,0.75,0.045,0.07,13840,14455,17483
8279,6021,242,7327,1718,27500,20000000,50000,0.0001,0.75,0.045,0.07,14329,13686,19226
8279,6999,44,8112,1435,27500,20000000,50000,1e-05,0.75,0.045,0.07,11310,12728,16989
8279,1803,926,2141,274,28000,20000000,50000,0.1,0.75,0.045,0.07,9142,8596,9363
8279,2774,877,3429,624,28000,20000000,50000,0.01,0.75,0.045,0.07,10597,11334,12375
8279,4273,637,5585,1286,28000,20000000,50000,0.001,0.75,0.045,0.07,13349,14354,17246
8279,6073,271,7353,1701,28000,20000000,50000,0.0001,0.75,0.045,0.07,14434,13599,19152
8279,1717,795,7199,4766,3000,20000000,50000,0.01,0.75,0.045,0.07,11240,38943,40421
8279,6991,42,8133,1417,28000,20000000,50000,1e-05,0.75,0.045,0.07,10955,12632,16653
8279,1758,864,2103,272,28500,20000000,50000,0.1,0.75,0.045,0.07,8811,8379,9054
8279,2841,902,3517,648,28500,20000000,50000,0.01,0.75,0.045,0.07,10783,11242,12527
8279,4324,651,5601,1328,28500,20000000,50000,0.001,0.75,0.045,0.07,13756,14317,17312
8279,6009,233,7284,1647,28500,20000000,50000,0.0001,0.75,0.045,0.07,13736,13576,18474
8279,7076,48,8124,1337,28500,20000000,50000,1e-05,0.75,0.045,0.07,10809,12358,16399
8279,1688,881,2004,290,29000,20000000,50000,0.1,0.75,0.045,0.07,8682,8593,8918
8279,2838,869,3496,634,29000,20000000,50000,0.01,0.75,0.045,0.07,10991,11505,12699
8279,4246,598,5419,1274,29000,20000000,50000,0.001,0.75,0.045,0.07,13058,14071,16638
8279,6086,259,7262,1605,29000,20000000,50000,0.0001,0.75,0.045,0.07,14031,13107,18434
8279,1109,242,8002,6001,3000,20000000,50000,0.001,0.75,0.045,0.07,7479,44001,45593
8279,7133,35,8128,1272,29000,20000000,50000,1e-05,0.75,0.045,0.07,10632,12172,16099
8279,1729,825,2063,303,29500,20000000,50000,0.1,0.75,0.045,0.07,8386,8810,8816
8279,2691,815,3384,616,29500,20000000,50000,0.01,0.75,0.045,0.07,10563,11351,12189
8279,4310,604,5500,1260,29500,20000000,50000,0.001,0.75,0.045,0.07,12964,13980,16555
8279,6137,268,7290,1551,29500,20000000,50000,0.0001,0.75,0.045,0.07,13707,12903,18297
8279,7157,40,8130,1248,29500,20000000,50000,1e-05,0.75,0.045,0.07,10282,11919,15966
8279,1706,860,2043,308,30000,20000000,50000,0.1,0.75,0.045,0.07,8693,8345,9117
8279,2792,812,3486,624,30000,20000000,50000,0.01,0.75,0.045,0.07,10761,11470,12436
8279,4381,610,5516,1276,30000,20000000,50000,0.001,0.75,0.045,0.07,12978,13825,16600
8279,6212,237,7271,1496,30000,20000000,50000,0.0001,0.75,0.045,0.07,13154,12601,17613
8279,957,66,8225,6451,3000,20000000,50000,0.0001,0.75,0.045,0.07,6359,45099,47426
8279,0,0,8279,6927,500,20000000,50000,0.01,0.75,0.045,0.07,0,50000,50000
8279,7203,48,8114,1229,30000,20000000,50000,1e-05,0.75,0.045,0.07,10000,11673,15684
8279,1648,817,1951,268,30500,20000000,50000,0.1,0.75,0.045,0.07,8405,8516,8576
8279,2761,869,3409,584,30500,20000000,50000,0.01,0.75,0.045,0.07,10766,10995,12203
8279,4331,612,5467,1196,30500,20000000,50000,0.001,0.75,0.045,0.07,12906,13587,16434
8279,6114,240,7235,1481,30500,20000000,50000,0.0001,0.75,0.045,0.07,13326,12619,17626
8279,7170,29,8104,1159,30500,20000000,50000,1e-05,0.75,0.045,0.07,9622,11625,15343
8279,1673,829,1982,291,31000,20000000,50000,0.1,0.75,0.045,0.07,8547,8416,8833
8279,2745,841,3406,553,31000,20000000,50000,0.01,0.75,0.045,0.07,10376,11009,11833
8279,4371,673,5452,1115,31000,20000000,50000,0.001,0.75,0.045,0.07,12992,13269,16169
8279,6149,226,7266,1448,31000,20000000,50000,0.0001,0.75,0.045,0.07,13295,12532,17652
8279,965,17,8272,6499,3000,20000000,50000,1e-05,0.75,0.045,0.07,6383,45217,47520
8279,7165,32,8083,1101,31000,20000000,50000,1e-05,0.75,0.045,0.07,9645,11427,15184
8279,1641,880,1957,291,31500,20000000,50000,0.1,0.75,0.045,0.07,8701,8527,8741
8279,2797,837,3404,566,31500,20000000,50000,0.01,0.75,0.045,0.07,10730,10827,12072
8279,4274,586,5453,1235,31500,20000000,50000,0.001,0.75,0.045,0.07,12601,13540,16102
8279,6143,244,7162,1481,31500,20000000,50000,0.0001,0.75,0.045,0.07,12872,12181,17407
8279,7251,38,8112,1165,31500,20000000,50000,1e-05,0.75,0.045,0.07,9239,11294,15046
8279,1714,829,2023,266,32000,20000000,50000,0.1,0.75,0.045,0.07,8419,8248,8681
8279,2642,826,3265,574,32000,20000000,50000,0.01,0.75,0.045,0.07,9950,10919,11702
8279,4289,597,5322,1168,32000,20000000,50000,0.001,0.75,0.045,0.07,12388,13227,15751
8279,6197,200,7196,1426,32000,20000000,50000,0.0001,0.75,0.045,0.07,12663,11907,16954
8279,2169,1450,5766,2961,3500,20000000,50000,0.1,0.75,0.045,0.07,15067,31718,32235
8279,7279,39,8105,1116,32000,20000000,50000,1e-05,0.75,0.045,0.07,9090,11105,14984
8279,1705,805,1985,246,32500,20000000,50000,0.1,0.75,0.045,0.07,8166,8246,8379
8279,2747,870,3326,584,32500,20000000,50000,0.01,0.75,0.045,0.07,10240,10607,11834
8279,4265,588,5347,1093,32500,20000000,50000,0.001,0.75,0.045,0.07,12241,12970,15521
8279,6210,236,7192,1373,32500,20000000,50000,0.0001,0.75,0.045,0.07,12409,11919,16831
8279,7301,46,8113,1037,32500,20000000,50000,1e-05,0.75,0.045,0.07,8837,11053,14643
8279,1618,838,1934,268,33000,20000000,50000,0.1,0.75,0.045,0.07,8511,8478,8646
8279,2674,797,3319,577,33000,20000000,50000,0.01,0.75,0.045,0.07,10201,10704,11605
8279,4253,580,5314,1122,33000,20000000,50000,0.001,0.75,0.045,0.07,12299,12995,15345
8279,6228,242,7182,1340,33000,20000000,50000,0.0001,0.75,0.045,0.07,12193,11771,16630
8279,1790,857,6961,4363,3500,20000000,50000,0.01,0.75,0.045,0.07,11999,38001,38420
8279,7287,36,8097,1022,33000,20000000,50000,1e-05,0.75,0.045,0.07,8464,10936,14391
8279,1746,833,2057,297,33500,20000000,50000,0.1,0.75,0.045,0.07,8586,8528,8755
8279,2806,846,3377,581,33500,20000000,50000,0.01,0.75,0.045,0.07,10425,10252,11840
8279,4264,553,5289,1030,33500,20000000,50000,0.001,0.75,0.045,0.07,11918,12699,15139
8279,6229,201,7158,1287,33500,20000000,50000,0.0001,0.75,0.045,0.07,11854,11549,16154
8279,7373,37,8111,959,33500,20000000,50000,1e-05,0.75,0.045,0.07,8306,10734,14073
8279,1684,808,1999,248,34000,20000000,50000,0.1,0.75,0.045,0.07,8320,8036,8344
8279,2706,767,3324,574,34000,20000000,50000,0.01,0.75,0.045,0.07,10039,10529,11560
8279,4295,602,5363,1145,34000,20000000,50000,0.001,0.75,0.045,0.07,12229,12662,15583
8279,6188,201,7155,1311,34000,20000000,50000,0.0001,0.75,0.045,0.07,11742,11777,16294
8279,1431,349,7890,5627,3500,20000000,50000,0.001,0.75,0.045,0.07,9362,42367,43819
8279,7350,40,8088,900,34000,20000000,50000,1e-05,0.75,0.045,0.07,8079,10737,13959
8279,1628,788,1911,265,34500,20000000,50000,0.1,0.75,0.045,0.07,8384,8264,8490
8279,2709,816,3260,549,34500,20000000,50000,0.01,0.75,0.045,0.07,9821,10531,11323
8279,4308,572,5297,1011,34500,20000000,50000,0.001,0.75,0.045,0.07,11977,12239,15117
8279,6252,205,7145,1311,34500,20000000,50000,0.0001,0.75,0.045,0.07,11678,11366,16168
8279,7410,36,8114,947,34500,20000000,50000,1e-05,0.75,0.045,0.07,7952,10363,13977
8279,1636,827,1913,273,35000,20000000,50000,0.1,0.75,0.045,0.07,8274,8183,8381
8279,2698,790,3305,538,35000,20000000,50000,0.01,0.75,0.045,0.07,9945,10251,11313
8279,4375,569,5262,1010,35000,20000000,50000,0.001,0.75,0.045,0.07,11699,12237,14920
8279,6313,214,7163,1272,35000,20000000,50000,0.0001,0.75,0.045,0.07,11598,11073,16128
8279,1226,92,8186,6124,3500,20000000,50000,0.0001,0.75,0.045,0.07,8286,43714,45823
8279,7405,39,8066,925,35000,20000000,50000,1e-05,0.75,0.045,0.07,7722,10251,13788
8279,1606,845,1908,287,35500,20000000,50000,0.1,0.75,0.045,0.07,7881,8145,8331
8279,2719,771,3312,571,35500,20000000,50000,0.01,0.75,0.045,0.07,9835,10323,11386
8279,4253,557,5244,1004,35500,20000000,50000,0.001,0.75,0.045,0.07,11850,12332,14828
8279,6251,196,7120,1197,35500,20000000,50000,0.0001,0.75,0.045,0.07,11345,11202,15770
8279,7398,31,8073,835,35500,20000000,50000,1e-05,0.75,0.045,0.07,7394,10236,13390
8279,1229,509,1335,114,36000,20000000,50000,0.1,0.75,0.045,0.07,5165,4934,5151
8279,2336,596,2667,342,36000,20000000,50000,0.01,0.75,0.045,0.07,7295,7550,8337
8279,4285,537,5027,834,36000,20000000,50000,0.001,0.75,0.045,0.07,10407,10322,13279
8279,6342,215,7105,1160,36000,20000000,50000,0.0001,0.75,0.045,0.07,11245,10367,15467
8279,1161,17,8260,6212,3500,20000000,50000,1e-05,0.75,0.045,0.07,7724,44044,45827
8279,7430,43,8072,894,36000,20000000,50000,1e-05,0.75,0.045,0.07,7839,9974,13771
8279,1237,551,1376,111,36500,20000000,50000,0.1,0.75,0.045,0.07,5141,4978,5325
8279,2504,631,2837,362,36500,20000000,50000,0.01,0.75,0.045,0.07,7497,7521,8702
8279,4253,518,4985,807,36500,20000000,50000,0.001,0.75,0.045,0.07,10057,10376,12861
8279,6309,219,7073,1193,36500,20000000,50000,0.0001,0.75,0.045,0.07,10334,10230,14935
8279,7409,33,8083,927,36500,20000000,50000,1e-05,0.75,0.045,0.07,7296,9944,13574
8279,1216,508,1349,143,37000,20000000,50000,0.1,0.75,0.045,0.07,5320,5198,5168
8279,2391,597,2702,329,37000,20000000,50000,0.01,0.75,0.045,0.07,7150,7366,8293
8279,4287,462,4966,714,37000,20000000,50000,0.001,0.75,0.045,0.07,9707,10263,12544
8279,6315,205,7029,1024,37000,20000000,50000,0.0001,0.75,0.045,0.07,10405,10262,14668
8279,2195,1396,5621,2960,4000,20000000,50000,0.1,0.75,0.045,0.07,15076,30829,31633
8279,7540,25,8087,777,37000,20000000,50000,1e-05,0.75,0.045,0.07,7214,9760,13240
8279,1234,506,1338,87,37500,20000000,50000,0.1,0.75,0.045,0.07,5271,4821,5056
8279,2370,597,2683,294,37500,20000000,50000,0.01,0.75,0.045,0.07,7162,7288,8082
8279,4321,542,4974,752,37500,20000000,50000,0.001,0.75,0.045,0.07,9830,10066,12694
8279,6364,202,7025,1072,37500,20000000,50000,0.0001,0.75,0.045,0.07,10131,9957,14593
8279,7513,17,8098,828,37500,20000000,50000,1e-05,0.75,0.045,0.07,7013,9752,13196
8279,1215,523,1347,113,38000,20000000,50000,0.1,0.75,0.045,0.07,5122,4835,5224
8279,2392,611,2654,293,38000,20000000,50000,0.01,0.75,0.045,0.07,7099,7009,7910
8279,4279,484,4940,753,38000,20000000,50000,0.001,0.75,0.045,0.07,9705,10024,12490
8279,6432,206,7042,991,38000,20000000,50000,0.0001,0.75,0.045,0.07,10040,9789,14369
8279,1968,936,6795,4191,4000,20000000,50000,0.01,0.75,0.045,0.07,13165,35706,37392
8279,7565,35,8059,768,38000,20000000,50000,1e-05,0.75,0.045,0.07,6772,9446,12912
8279,1269,547,1369,114,38500,20000000,50000,0.1,0.75,0.045,0.07,5060,4847,5212
8279,2358,629,2649,283,38500,20000000,50000,0.01,0.75,0.045,0.07,7027,7142,8107
8279,4298,498,4951,762,38500,20000000,50000,0.001,0.75,0.045,0.07,9543,9897,12461
8279,6399,171,7075,1025,38500,20000000,50000,0.0001,0.75,0.045,0.07,9600,9775,14259
8279,7567,29,8094,759,38500,20000000,50000,1e-05,0.75,0.045,0.07,6568,9449,12764
8279,1307,549,1416,101,39000,20000000,50000,0.1,0.75,0.045,0.07,5359,4738,5247
8279,2332,552,2606,295,39000,20000000,50000,0.01,0.75,0.045,0.07,6838,7075,7740
8279,4188,524,4908,736,39000,20000000,50000,0.001,0.75,0.045,0.07,9575,9951,12291
8279,6370,196,7015,926,39000,20000000,50000,0.0001,0.75,0.045,0.07,9664,9833,13888
8279,1534,366,7820,5445,4000,20000000,50000,0.001,0.75,0.045,0.07,10309,40907,42794
8279,7560,36,8059,679,39000,20000000,50000,1e-05,0.75,0.045,0.07,6490,9406,12487
8279,1198,483,1302,117,39500,20000000,50000,0.1,0.75,0.045,0.07,5042,4649,5017
8279,2426,594,2729,292,39500,20000000,50000,0.01,0.75,0.045,0.07,6993,7106,7896
8279,4283,487,4911,705,39500,20000000,50000,0.001,0.75,0.045,0.07,9523,9636,12035
8279,6401,188,7013,947,39500,20000000,50000,0.0001,0.75,0.045,0.07,9264,9544,13830
8279,7570,36,8072,650,39500,20000000,50000,1e-05,0.75,0.045,0.07,6199,9200,12401
8279,1160,482,1280,94,40000,20000000,50000,0.1,0.75,0.045,0.07,4805,4875,4819
8279,2369,611,2645,285,40000,20000000,50000,0.01,0.75,0.045,0.07,6923,7205,7994
8279,4253,487,4888,722,40000,20000000,50000,0.001,0.75,0.045,0.07,9391,9487,12044
8279,6373,193,6930,973,40000,20000000,50000,0.0001,0.75,0.045,0.07,9086,9435,13737
8279,1480,112,8162,5901,4000,20000000,50000,0.0001,0.75,0.045,0.07,10304,41959,44730
8279,0,0,8279,6927,500,20000000,50000,0.001,0.75,0.045,0.07,0,50000,50000
8279,7589,30,8042,721,40000,20000000,50000,1e-05,0.75,0.045,0.07,5939,9177,12373
8279,1244,514,1373,101,40500,20000000,50000,0.1,0.75,0.045,0.07,5237,4898,5206
8279,2342,556,2629,260,40500,20000000,50000,0.01,0.75,0.045,0.07,6670,7040,7669
8279,4236,538,4889,695,40500,20000000,50000,0.001,0.75,0.045,0.07,9049,9520,12077
8279,6380,184,6990,955,40500,20000000,50000,0.0001,0.75,0.045,0.07,9036,9560,13636
8279,7586,34,8052,727,40500,20000000,50000,1e-05,0.75,0.045,0.07,5849,9161,12238
8279,1155,516,1254,92,41000,20000000,50000,0.1,0.75,0.045,0.07,4898,4564,4750
8279,2330,545,2616,281,41000,20000000,50000,0.01,0.75,0.045,0.07,6567,7189,7645
8279,4305,467,4879,695,41000,20000000,50000,0.001,0.75,0.045,0.07,9158,9257,11798
8279,6420,184,6978,919,41000,20000000,50000,0.0001,0.75,0.045,0.07,8801,9318,13376
8279,1504,25,8261,5971,4000,20000000,50000,1e-05,0.75,0.045,0.07,10368,41835,44658
8279,7643,27,8080,660,41000,20000000,50000,1e-05,0.75,0.045,0.07,5557,9104,12023
8279,1195,517,1328,105,41500,20000000,50000,0.1,0.75,0.045,0.07,4876,4867,4993
8279,2365,581,2657,274,41500,20000000,50000,0.01,0.75,0.045,0.07,6846,7141,7799
8279,4139,482,4719,645,41500,20000000,50000,0.001,0.75,0.045,0.07,9054,9166,11519
8279,6442,185,6955,876,41500,20000000,50000,0.0001,0.75,0.045,0.07,8763,9153,13290
8279,7674,27,8085,644,41500,20000000,50000,1e-05,0.75,0.045,0.07,5542,8976,12066
8279,1248,490,1367,119,42000,20000000,50000,0.1,0.75,0.045,0.07,5030,4673,4965
8279,2354,538,2615,281,42000,20000000,50000,0.01,0.75,0.045,0.07,6653,6797,7582
8279,4205,437,4814,658,42000,20000000,50000,0.001,0.75,0.045,0.07,8826,9362,11468
8279,6440,171,6951,883,42000,20000000,50000,0.0001,0.75,0.045,0.07,8535,8956,13166
8279,2147,1422,5340,2712,4500,20000000,50000,0.1,0.75,0.045,0.07,14858,30597,30117
8279,7663,19,8083,664,42000,20000000,50000,1e-05,0.75,0.045,0.07,5436,8821,11936
8279,1149,484,1258,109,42500,20000000,50000,0.1,0.75,0.045,0.07,5021,4914,4796
8279,2337,566,2611,288,42500,20000000,50000,0.01,0.75,0.045,0.07,6582,6611,7626
8279,4200,434,4782,642,42500,20000000,50000,0.001,0.75,0.045,0.07,8594,9089,11363
8279,6477,158,6954,824,42500,20000000,50000,0.0001,0.75,0.045,0.07,8447,8876,13113
8279,7672,24,8055,593,42500,20000000,50000,1e-05,0.75,0.045,0.07,5262,8861,11757
8279,1254,508,1371,92,43000,20000000,50000,0.1,0.75,0.045,0.07,4945,4659,5050
8279,2285,495,2557,263,43000,20000000,50000,0.01,0.75,0.045,0.07,6467,6718,7330
8279,4242,433,4771,640,43000,20000000,50000,0.001,0.75,0.045,0.07,8726,9016,11477
8279,6375,185,6912,833,43000,20000000,50000,0.0001,0.75,0.045,0.07,8328,8978,13000
8279,2008,907,6741,4057,4500,20000000,50000,0.01,0.75,0.045,0.07,13055,35800,36640
8279,7702,24,8064,593,43000,20000000,50000,1e-05,0.75,0.045,0.07,5114,8693,11717
8279,1216,476,1340,103,43500,20000000,50000,0.1,0.75,0.045,0.07,4667,4702,4856
8279,2339,530,2588,273,43500,20000000,50000,0.01,0.75,0.045,0.07,6557,6743,7469
8279,4229,492,4782,618,43500,20000000,50000,0.001,0.75,0.045,0.07,8385,9096,11249
8279,6479,172,6940,753,43500,20000000,50000,0.0001,0.75,0.045,0.07,8093,8745,12656
8279,7698,20,8040,542,43500,20000000,50000,1e-05,0.75,0.045,0.07,4917,8573,11497
8279,1192,499,1301,85,44000,20000000,50000,0.1,0.75,0.045,0.07,4928,4775,4916
8279,2324,573,2576,257,44000,20000000,50000,0.01,0.75,0.045,0.07,6651,6691,7413
8279,4186,452,4733,610,44000,20000000,50000,0.001,0.75,0.045,0.07,8347,8924,11009
8279,6463,170,6934,812,44000,20000000,50000,0.0001,0.75,0.045,0.07,7950,8731,12830
8279,1808,428,7735,5227,4500,20000000,50000,0.001,0.75,0.045,0.07,11926,39219,41654
8279,7732,29,8051,549,44000,20000000,50000,1e-05,0.75,0.045,0.07,4833,8513,11375
8279,1273,493,1396,104,44500,20000000,50000,0.1,0.75,0.045,0.07,5081,4797,5068
8279,2249,548,2530,243,44500,20000000,50000,0.01,0.75,0.045,0.07,6379,6742,7326
8279,4192,427,4717,579,44500,20000000,50000,0.001,0.75,0.045,0.07,8166,8925,10817
8279,6371,156,6867,743,44500,20000000,50000,0.0001,0.75,0.045,0.07,7709,8569,12408
8279,7722,18,8068,538,44500,20000000,50000,1e-05,0.75,0.045,0.07,4578,8540,11390
8279,1197,524,1322,85,45000,20000000,50000,0.1,0.75,0.045,0.07,4849,4670,4921
8279,2307,549,2573,279,45000,20000000,50000,0.01,0.75,0.045,0.07,6375,6599,7354
8279,4209,421,4715,614,45000,20000000,50000,0.001,0.75,0.045,0.07,8131,8832,10925
8279,6503,166,6930,713,45000,20000000,50000,0.0001,0.75,0.045,0.07,7679,8448,12467
8279,1644,107,8120,5766,4500,20000000,50000,0.0001,0.75,0.045,0.07,10750,40967,43399
8279,7712,17,8054,473,45000,20000000,50000,1e-05,0.75,0.045,0.07,4418,8361,11154
8279,1177,478,1290,101,45500,20000000,50000,0.1,0.75,0.045,0.07,4829,4720,4749
8279,2394,504,2649,271,45500,20000000,50000,0.01,0.75,0.045,0.07,6462,6539,7367
8279,4200,484,4671,559,45500,20000000,50000,0.001,0.75,0.045,0.07,8231,8560,10818
8279,6486,180,6906,746,45500,20000000,50000,0.0001,0.75,0.045,0.07,7756,8510,12444
8279,7718,24,8036,497,45500,20000000,50000,1e-05,0.75,0.045,0.07,4473,8399,11099
8279,1174,440,1272,91,46000,20000000,50000,0.1,0.75,0.045,0.07,4760,4613,4798
8279,2325,552,2561,242,46000,20000000,50000,0.01,0.75,0.045,0.07,6395,6684,7368
8279,4244,431,4767,581,46000,20000000,50000,0.001,0.75,0.045,0.07,7994,8481,10804
8279,6436,187,6870,766,46000,20000000,50000,0.0001,0.75,0.045,0.07,7355,8409,12401
8279,1799,27,8258,5794,4500,20000000,50000,1e-05,0.75,0.045,0.07,11323,40427,43177
8279,7726,21,8036,508,46000,20000000,50000,1e-05,0.75,0.045,0.07,4179,8416,11035
8279,1209,452,1322,106,46500,20000000,50000,0.1,0.75,0.045,0.07,4771,4539,4762
8279,2289,502,2549,253,46500,20000000,50000,0.01,0.75,0.045,0.07,6166,6569,7142
8279,4100,426,4600,516,46500,20000000,50000,0.001,0.75,0.045,0.07,7883,8524,10433
8279,6453,157,6892,710,46500,20000000,50000,0.0001,0.75,0.045,0.07,7284,8370,12138
8279,7751,19,8059,447,46500,20000000,50000,1e-05,0.75,0.045,0.07,4164,8284,10942
8279,1191,481,1292,81,47000,20000000,50000,0.1,0.75,0.045,0.07,4749,4652,4699
8279,2285,553,2547,251,47000,20000000,50000,0.01,0.75,0.045,0.07,6249,6447,7210
8279,4257,394,4718,551,47000,20000000,50000,0.001,0.75,0.045,0.07,7851,8403,10666
8279,6397,174,6831,693,47000,20000000,50000,0.0001,0.75,0.045,0.07,7338,8327,11962
8279,2226,1390,5470,2771,5000,20000000,50000,0.1,0.75,0.045,0.07,15249,30089,30631
8279,7742,23,8033,445,47000,20000000,50000,1e-05,0.75,0.045,0.07,4118,8201,10884
8279,1182,433,1323,95,47500,20000000,50000,0.1,0.75,0.045,0.07,4735,4698,4760
8279,2283,534,2528,236,47500,20000000,50000,0.01,0.75,0.045,0.07,6156,6486,7127
8279,4142,383,4628,571,47500,20000000,50000,0.001,0.75,0.045,0.07,7833,8412,10431
8279,6521,154,6865,709,47500,20000000,50000,0.0001,0.75,0.045,0.07,7035,8039,11944
8279,7810,17,8053,458,47500,20000000,50000,1e-05,0.75,0.045,0.07,4000,8061,10840
8279,941,284,978,46,48000,20000000,50000,0.1,0.75,0.045,0.07,2866,2795,3064
8279,2110,364,2231,131,48000,20000000,50000,0.01,0.75,0.045,0.07,4478,4661,5366
8279,4077,367,4443,422,48000,20000000,50000,0.001,0.75,0.045,0.07,6777,7159,9327
8279,6461,134,6775,625,48000,20000000,50000,0.0001,0.75,0.045,0.07,6604,7819,11498
8279,2118,942,6521,3875,5000,20000000,50000,0.01,0.75,0.045,0.07,13879,34810,35332
8279,7751,20,8013,413,48000,20000000,50000,1e-05,0.75,0.045,0.07,4022,8011,10764
8279,876,285,919,36,48500,20000000,50000,0.1,0.75,0.045,0.07,2794,2806,2888
8279,1997,374,2146,142,48500,20000000,50000,0.01,0.75,0.045,0.07,4372,4737,5243
8279,4158,335,4492,414,48500,20000000,50000,0.001,0.75,0.045,0.07,6550,7128,9128
8279,6463,137,6788,656,48500,20000000,50000,0.0001,0.75,0.045,0.07,6427,7662,11347
8279,7809,21,8054,413,48500,20000000,50000,1e-05,0.75,0.045,0.07,3905,7902,10776
8279,911,332,947,41,49000,20000000,50000,0.1,0.75,0.045,0.07,3052,2860,3043
8279,2057,394,2195,145,49000,20000000,50000,0.01,0.75,0.045,0.07,4372,4651,5463
8279,4078,349,4401,434,49000,20000000,50000,0.001,0.75,0.045,0.07,6443,7090,9084
8279,6458,141,6795,559,49000,20000000,50000,0.0001,0.75,0.045,0.07,6338,7717,11215
8279,2077,457,7595,4928,5000,20000000,50000,0.001,0.75,0.045,0.07,13353,38073,40246
8279,7792,16,8035,392,49000,20000000,50000,1e-05,0.75,0.045,0.07,3687,7924,10524
8279,892,267,924,55,49500,20000000,50000,0.1,0.75,0.045,0.07,2899,2776,2885
8279,2032,340,2189,151,49500,20000000,50000,0.01,0.75,0.045,0.07,4354,4828,5306
8279,4055,370,4369,392,49500,20000000,50000,0.001,0.75,0.045,0.07,6264,6920,8888
8279,6484,141,6799,552,49500,20000000,50000,0.0001,0.75,0.045,0.07,6305,7663,11154
8279,7765,19,8021,375,49500,20000000,50000,1e-05,0.75,0.045,0.07,3625,7907,10548
8279,898,296,937,43,50000,20000000,50000,0.1,0.75,0.045,0.07,2930,2715,2976
8279,2026,372,2180,142,50000,20000000,50000,0.01,0.75,0.045,0.07,4222,4612,5182
8279,3978,351,4331,380,50000,20000000,50000,0.001,0.75,0.045,0.07,6220,6879,8829
8279,6379,129,6700,576,50000,20000000,50000,0.0001,0.75,0.045,0.07,5985,7504,10921
8279,2074,145,8119,5591,5000,20000000,50000,0.0001,0.75,0.045,0.07,13449,38769,42734
8279,0,0,8279,6927,500,20000000,50000,0.0001,0.75,0.045,0.07,0,50000,50000
8279,7802,16,8036,382,50000,20000000,50000,1e-05,0.75,0.045,0.07,3527,7790,10461
8279,2198,34,8255,5600,5000,20000000,50000,1e-05,0.75,0.045,0.07,13511,38561,42308
8279,2332,1525,5458,2605,5500,20000000,50000,0.1,0.75,0.045,0.07,15883,29278,30199
8279,2190,992,6478,3637,5500,20000000,50000,0.01,0.75,0.045,0.07,14504,33866,34519
8279,2167,459,7533,4763,5500,20000000,50000,0.001,0.75,0.045,0.07,13794,37114,39150
8279,2296,150,8092,5421,5500,20000000,50000,0.0001,0.75,0.045,0.07,13750,37454,41328
8279,2506,37,8249,5355,5500,20000000,50000,1e-05,0.75,0.045,0.07,14585,36707,40625
8279,2187,1433,5145,2544,6000,20000000,50000,0.1,0.75,0.045,0.07,15160,29232,29001
8279,2287,1050,6444,3631,6000,20000000,50000,0.01,0.75,0.045,0.07,14624,33199,34197
8279,2262,536,7499,4611,6000,20000000,50000,0.001,0.75,0.045,0.07,13688,36372,38473
8279,2426,163,8075,5144,6000,20000000,50000,0.0001,0.75,0.045,0.07,14258,37007,40286
8279,0,0,8279,6927,500,20000000,50000,1e-05,0.75,0.045,0.07,0,50000,50000
8279,2679,36,8245,5116,6000,20000000,50000,1e-05,0.75,0.045,0.07,14913,36155,39381
8279,2316,1469,5151,2488,6500,20000000,50000,0.1,0.75,0.045,0.07,15706,28201,28729
8279,2286,979,6298,3422,6500,20000000,50000,0.01,0.75,0.045,0.07,14981,32587,33324
8279,2329,561,7451,4545,6500,20000000,50000,0.001,0.75,0.045,0.07,14580,35701,37947
8279,2621,161,8034,5030,6500,20000000,50000,0.0001,0.75,0.045,0.07,15216,36000,39464
8279,2907,46,8247,4982,6500,20000000,50000,1e-05,0.75,0.045,0.07,15890,34836,38428
8279,2172,1405,5184,2530,7000,20000000,50000,0.1,0.75,0.045,0.07,14870,28901,28744
8279,2445,1088,6215,3309,7000,20000000,50000,0.01,0.75,0.045,0.07,15278,31691,32528
8279,2399,523,7427,4466,7000,20000000,50000,0.001,0.75,0.045,0.07,14343,35281,37276
8279,2862,193,8032,4911,7000,20000000,50000,0.0001,0.75,0.045,0.07,16309,34333,38729
8279,1122,668,7312,5285,1000,20000000,50000,0.1,0.75,0.045,0.07,8010,42685,43055
8279,3053,35,8241,4758,7000,20000000,50000,1e-05,0.75,0.045,0.07,15934,33861,37084
8279,2324,1416,5138,2428,7500,20000000,50000,0.1,0.75,0.045,0.07,15585,28107,28561
8279,2471,1055,6260,3286,7500,20000000,50000,0.01,0.75,0.045,0.07,15347,31742,32417
8279,2604,552,7327,4277,7500,20000000,50000,0.001,0.75,0.045,0.07,15390,34265,36681
8279,3110,197,7996,4778,7500,20000000,50000,0.0001,0.75,0.045,0.07,16911,33076,37868
8279,3466,43,8232,4504,7500,20000000,50000,1e-05,0.75,0.045,0.07,17210,32126,35932
8279,2332,1465,5113,2481,8000,20000000,50000,0.1,0.75,0.045,0.07,15926,28129,28554
8279,2440,1027,6182,3352,8000,20000000,50000,0.01,0.75,0.045,0.07,14977,31271,32275
8279,2630,595,7303,4123,8000,20000000,50000,0.001,0.75,0.045,0.07,15595,33636,36017
8279,3138,230,7972,4553,8000,20000000,50000,0.0001,0.75,0.045,0.07,17197,32498,36825
8279,178,83,8194,6723,1000,20000000,50000,0.01,0.75,0.045,0.07,1367,48954,49027
8279,3506,47,8225,4360,8000,20000000,50000,1e-05,0.75,0.045,0.07,17292,31363,34956
8279,2317,1513,5063,2338,8500,20000000,50000,0.1,0.75,0.045,0.07,15808,27429,27978
8279,2462,1041,6136,3205,8500,20000000,50000,0.01,0.75,0.045,0.07,15487,30697,31614
8279,2629,606,7225,4124,8500,20000000,50000,0.001,0.75,0.045,0.07,15471,33067,35501
8279,3221,226,7947,4507,8500,20000000,50000,0.0001,0.75,0.045,0.07,17021,32048,36156
8279,3709,52,8230,4259,8500,20000000,50000,1e-05,0.75,0.045,0.07,17317,30557,34260
8279,2328,1473,5070,2369,9000,20000000,50000,0.1,0.75,0.045,0.07,15501,27816,27952
8279,2564,1093,6144,3169,9000,20000000,50000,0.01,0.75,0.045,0.07,15624,30191,31728
8279,2746,600,7181,4048,9000,20000000,50000,0.001,0.75,0.045,0.07,15755,32650,34833
8279,3375,209,7946,4459,9000,20000000,50000,0.0001,0.75,0.045,0.07,17606,31103,35596
8279,36,11,8276,6907,1000,20000000,50000,0.001,0.75,0.045,0.07,302,49789,49907
8279,3853,45,8226,4197,9000,20000000,50000,1e-05,0.75,0.045,0.07,17710,29574,33365
8279,2290,1483,5016,2267,9500,20000000,50000,0.1,0.75,0.045,0.07,15724,27428,27687
8279,2515,1175,6093,3065,9500,20000000,50000,0.01,0.75,0.045,0.07,15904,29861,31707
8279,2848,550,7131,3920,9500,20000000,50000,0.001,0.75,0.045,0.07,15515,32147,34114
8279,3535,200,7900,4263,9500,20000000,50000,0.0001,0.75,0.045,0.07,18035,30462,34953
8279,4112,60,8212,3936,9500,20000000,50000,1e-05,0.75,0.045,0.07,18210,28622,32541
8279,2259,1463,5075,2398,10000,20000000,50000,0.1,0.75,0.045,0.07,16141,27689,28191
8279,2579,1074,6019,3010,10000,20000000,50000,0.01,0.75,0.045,0.07,15600,30108,30796
8279,2828,621,7110,3824,10000,20000000,50000,0.001,0.75,0.045,0.07,15993,31656,33713
8279,3657,250,7911,4163,10000,20000000,50000,0.0001,0.75,0.045,0.07,18465,29658,34389
8279,11,1,8278,6921,1000,20000000,50000,0.0001,0.75,0.045,0.07,59,49945,49965
