21567,5173,1872,18743,11721,12000,20000000,130000,0.0003700923931708333,0.75,0.045,0.07,10739,96510,100342
21567,5496,4251,11673,5112,12000,20000000,130000,0.28876540577240617,0.75,0.045,0.07,12790,68569,68161
21567,5835,3090,16155,8969,12000,20000000,130000,0.0027281825552509286,0.75,0.045,0.07,12093,85320,87990
21567,5804,3554,14921,7871,12000,20000000,130000,0.00738136679298443,0.75,0.045,0.07,12508,80722,83250
21567,5684,4383,12167,5432,12000,20000000,130000,0.12995149343859222,0.75,0.045,0.07,13108,69778,70940
21567,5729,4038,12747,6124,12000,20000000,130000,0.0520850061724844,0.75,0.045,0.07,12583,73616,73199
21567,5543,4476,11182,4632,12000,20000000,130000,0.5246331135813284,0.75,0.045,0.07,12912,65847,66156
21567,5833,3794,13858,6965,12000,20000000,130000,0.01981333734650907,0.75,0.045,0.07,12851,77447,78221
21567,5483,2464,17456,10458,12000,20000000,130000,0.0010053760853966232,0.75,0.045,0.07,11421,90979,94735
21567,5759,1973,18526,11362,13000,20000000,130000,0.0003700923931708333,0.75,0.045,0.07,11635,92527,98495
21567,62,14,21534,18070,2000,20000000,130000,0.0003700923931708333,0.75,0.045,0.07,141,129686,129630
21567,5565,4386,11621,5116,13000,20000000,130000,0.28876540577240617,0.75,0.045,0.07,12764,67766,68235
21567,5747,3067,15888,8809,13000,20000000,130000,0.0027281825552509286,0.75,0.045,0.07,12102,84658,86269
21567,5567,3381,14580,7713,13000,20000000,130000,0.00738136679298443,0.75,0.045,0.07,11955,80715,80906
21567,5538,4200,11862,5301,13000,20000000,130000,0.12995149343859222,0.75,0.045,0.07,12661,69727,69134
21567,5758,4136,12730,6018,13000,20000000,130000,0.0520850061724844,0.75,0.045,0.07,13063,72277,73819
21567,5382,4381,11343,4960,13000,20000000,130000,0.5246331135813284,0.75,0.045,0.07,12423,67760,66970
21567,5776,3945,13665,6765,13000,20000000,130000,0.01981333734650907,0.75,0.045,0.07,12696,76009,77130
21567,5728,2544,17286,10143,13000,20000000,130000,0.0010053760853966232,0.75,0.045,0.07,11876,89911,92910
21567,5724,1996,18437,11032,14000,20000000,130000,0.0003700923931708333,0.75,0.045,0.07,11617,92471,96525
21567,5547,4450,11685,5148,14000,20000000,130000,0.28876540577240617,0.75,0.045,0.07,12790,68285,68786
21567,5180,4131,14487,7707,2000,20000000,130000,0.28876540577240617,0.75,0.045,0.07,12188,83706,85684
21567,5883,3124,15868,8542,14000,20000000,130000,0.0027281825552509286,0.75,0.045,0.07,12541,83126,85729
21567,5817,3524,14454,7362,14000,20000000,130000,0.00738136679298443,0.75,0.045,0.07,12529,79342,79388
21567,5660,4190,12138,5480,14000,20000000,130000,0.12995149343859222,0.75,0.045,0.07,12818,70652,69961
21567,5862,4221,12597,5663,14000,20000000,130000,0.0520850061724844,0.75,0.045,0.07,13146,71154,72218
21567,5333,4351,11130,4924,14000,20000000,130000,0.5246331135813284,0.75,0.045,0.07,12678,67106,66353
21567,5579,3719,13248,6540,14000,20000000,130000,0.01981333734650907,0.75,0.045,0.07,12291,75513,74763
21567,5912,2625,17106,9695,14000,20000000,130000,0.0010053760853966232,0.75,0.045,0.07,12061,88289,90552
21567,6142,2127,18124,10744,15000,20000000,130000,0.0003700923931708333,0.75,0.045,0.07,11996,89815,94651
21567,5612,4392,11634,5105,15000,20000000,130000,0.28876540577240617,0.75,0.045,0.07,12980,67232,68434
21567,6108,3149,15529,8228,15000,20000000,130000,0.0027281825552509286,0.75,0.045,0.07,11982,81414,83294
21567,611,312,21279,17483,2000,20000000,130000,0.0027281825552509286,0.75,0.045,0.07,1446,126479,127651
21567,5881,3511,14438,7311,15000,20000000,130000,0.00738136679298443,0.75,0.045,0.07,12620,79117,79509
21567,5700,4279,12058,5397,15000,20000000,130000,0.12995149343859222,0.75,0.045,0.07,12738,69703,69627
21567,5993,4100,12755,5958,15000,20000000,130000,0.0520850061724844,0.75,0.045,0.07,12949,71525,72980
21567,5485,4462,11331,4760,15000,20000000,130000,0.5246331135813284,0.75,0.045,0.07,12785,65822,66638
21567,5887,3872,13273,6440,15000,20000000,130000,0.01981333734650907,0.75,0.045,0.07,12677,73086,74487
21567,5994,2670,16942,9370,15000,20000000,130000,0.0010053760853966232,0.75,0.045,0.07,12400,86380,89009
21567,6018,2115,17852,10320,16000,20000000,130000,0.0003700923931708333,0.75,0.045,0.07,11929,88829,92071
21567,5449,4258,11366,5084,16000,20000000,130000,0.28876540577240617,0.75,0.045,0.07,12358,68325,66753
21567,6270,3310,15546,8013,16000,20000000,130000,0.0027281825552509286,0.75,0.045,0.07,12872,80349,83652
21567,5897,3573,14198,7153,16000,20000000,130000,0.00738136679298443,0.75,0.045,0.07,12435,78007,78345
21567,1366,794,20624,16263,2000,20000000,130000,0.00738136679298443,0.75,0.045,0.07,3097,121985,122668
21567,5508,4206,11981,5522,16000,20000000,130000,0.12995149343859222,0.75,0.045,0.07,12542,69430,69427
21567,5681,3987,12445,5845,16000,20000000,130000,0.0520850061724844,0.75,0.045,0.07,12610,71428,70986
21567,5416,4442,11295,4791,16000,20000000,130000,0.5246331135813284,0.75,0.045,0.07,12552,67077,66392
21567,5864,3873,13405,6393,16000,20000000,130000,0.01981333734650907,0.75,0.045,0.07,12680,73767,74959
21567,6145,2732,16647,9097,16000,20000000,130000,0.0010053760853966232,0.75,0.045,0.07,12391,84544,87635
21567,6180,2163,17929,10163,17000,20000000,130000,0.0003700923931708333,0.75,0.045,0.07,12179,87941,92228
21567,5693,4355,11656,5070,17000,20000000,130000,0.28876540577240617,0.75,0.045,0.07,12839,67995,68227
21567,6017,3227,15251,7941,17000,20000000,130000,0.0027281825552509286,0.75,0.045,0.07,12441,80120,81503
21567,5856,3538,13987,6948,17000,20000000,130000,0.00738136679298443,0.75,0.045,0.07,12639,76704,77118
21567,5526,4206,11989,5452,17000,20000000,130000,0.12995149343859222,0.75,0.045,0.07,12685,69371,69441
21567,4424,3408,15918,9536,2000,20000000,130000,0.12995149343859222,0.75,0.045,0.07,10204,94415,94018
21567,5853,4193,12595,5684,17000,20000000,130000,0.0520850061724844,0.75,0.045,0.07,13163,70909,71877
21567,5445,4443,10957,4719,17000,20000000,130000,0.5246331135813284,0.75,0.045,0.07,13129,65693,65712
21567,5894,3866,13234,6212,17000,20000000,130000,0.01981333734650907,0.75,0.045,0.07,12871,73321,74115
21567,6277,2843,16607,8896,17000,20000000,130000,0.0010053760853966232,0.75,0.045,0.07,12526,83289,86847
21567,6369,2226,17628,9874,18000,20000000,130000,0.0003700923931708333,0.75,0.045,0.07,12374,86636,89901
21567,5582,4361,11710,5222,18000,20000000,130000,0.28876540577240617,0.75,0.045,0.07,13004,68568,68755
21567,6209,3216,15280,7912,18000,20000000,130000,0.0027281825552509286,0.75,0.045,0.07,12667,79090,81784
21567,6057,3693,14083,6808,18000,20000000,130000,0.00738136679298443,0.75,0.045,0.07,12640,75930,76745
21567,5728,4248,11717,5191,18000,20000000,130000,0.12995149343859222,0.75,0.045,0.07,12935,68751,68071
21567,5842,4117,12586,5661,18000,20000000,130000,0.0520850061724844,0.75,0.045,0.07,12709,70993,71104
21567,3532,2569,17577,11815,2000,20000000,130000,0.0520850061724844,0.75,0.045,0.07,8043,104206,104104
21567,5457,4374,11169,4759,18000,20000000,130000,0.5246331135813284,0.75,0.045,0.07,12848,66748,66060
21567,5902,4053,13049,5968,18000,20000000,130000,0.01981333734650907,0.75,0.045,0.07,12953,72179,73011
21567,6273,2779,16433,8933,18000,20000000,130000,0.0010053760853966232,0.75,0.045,0.07,12612,83186,85980
21567,6562,2282,17643,9796,19000,20000000,130000,0.0003700923931708333,0.75,0.045,0.07,12617,84700,89604
21567,5559,4353,11326,4953,19000,20000000,130000,0.28876540577240617,0.75,0.045,0.07,12747,67327,66948
21567,6084,3164,15201,7716,19000,20000000,130000,0.0027281825552509286,0.75,0.045,0.07,12370,78670,80529
21567,6176,3700,14027,6636,19000,20000000,130000,0.00738136679298443,0.75,0.045,0.07,12743,74983,75842
21567,5743,4262,12266,5406,19000,20000000,130000,0.12995149343859222,0.75,0.045,0.07,12861,68325,70279
21567,5775,4138,12463,5717,19000,20000000,130000,0.0520850061724844,0.75,0.045,0.07,12761,70541,70961
21567,5462,4515,11121,4777,19000,20000000,130000,0.5246331135813284,0.75,0.045,0.07,12804,65878,66162
21567,5353,4466,13036,6457,2000,20000000,130000,0.5246331135813284,0.75,0.045,0.07,12560,75760,78174
21567,5865,3943,12987,5985,19000,20000000,130000,0.01981333734650907,0.75,0.045,0.07,12639,72128,72840
21567,6425,2897,16188,8572,19000,20000000,130000,0.0010053760853966232,0.75,0.045,0.07,12716,80940,84293
21567,6653,2224,17579,9610,20000,20000000,130000,0.0003700923931708333,0.75,0.045,0.07,12574,84572,88408
21567,5656,4374,11533,4942,20000,20000000,130000,0.28876540577240617,0.75,0.045,0.07,12867,66570,67746
21567,6307,3214,14954,7468,20000,20000000,130000,0.0027281825552509286,0.75,0.045,0.07,12736,77929,79300
21567,5990,3545,13992,6815,20000,20000000,130000,0.00738136679298443,0.75,0.045,0.07,12844,74591,76284
21567,5626,4204,11762,5161,20000,20000000,130000,0.12995149343859222,0.75,0.045,0.07,12611,68870,68162
21567,5851,4087,12277,5598,20000,20000000,130000,0.0520850061724844,0.75,0.045,0.07,12894,69425,69735
21567,5709,4603,11343,4698,20000,20000000,130000,0.5246331135813284,0.75,0.045,0.07,13026,65801,66928
21567,5952,3884,12975,6044,20000,20000000,130000,0.01981333734650907,0.75,0.045,0.07,12901,72355,72528
21567,2620,1776,19346,14163,2000,20000000,130000,0.01981333734650907,0.75,0.045,0.07,6067,113205,114610
21567,6442,2823,16141,8490,20000,20000000,130000,0.0010053760853966232,0.75,0.045,0.07,12720,80562,83807
21567,6714,2296,17248,9429,21000,20000000,130000,0.0003700923931708333,0.75,0.045,0.07,12956,82383,86862
21567,5841,4452,11642,5026,21000,20000000,130000,0.28876540577240617,0.75,0.045,0.07,13159,66232,68041
21567,6303,3353,15066,7496,21000,20000000,130000,0.0027281825552509286,0.75,0.045,0.07,12991,77523,79824
21567,6152,3707,13960,6651,21000,20000000,130000,0.00738136679298443,0.75,0.045,0.07,12801,73797,75499
21567,5722,4263,11917,5289,21000,20000000,130000,0.12995149343859222,0.75,0.045,0.07,12927,68464,69082
21567,5874,4147,12395,5518,21000,20000000,130000,0.0520850061724844,0.75,0.045,0.07,12791,69144,70704
21567,5426,4499,11085,4688,21000,20000000,130000,0.5246331135813284,0.75,0.045,0.07,12831,65692,66293
21567,5914,3906,12903,5998,21000,20000000,130000,0.01981333734650907,0.75,0.045,0.07,12828,71754,72241
21567,6599,2862,16258,8476,21000,20000000,130000,0.0010053760853966232,0.75,0.045,0.07,12911,79880,83459
21567,164,81,21507,17961,2000,20000000,130000,0.0010053760853966232,0.75,0.045,0.07,405,129045,129328
21567,6829,2306,17180,9191,22000,20000000,130000,0.0003700923931708333,0.75,0.045,0.07,12853,81923,85567
21567,5479,4325,11379,5056,22000,20000000,130000,0.28876540577240617,0.75,0.045,0.07,12587,67812,67061
21567,6465,3283,14818,7298,22000,20000000,130000,0.0027281825552509286,0.75,0.045,0.07,12779,76421,78144
21567,6299,3786,13831,6491,22000,20000000,130000,0.00738136679298443,0.75,0.045,0.07,13276,73444,75647
21567,5721,4444,11711,5107,22000,20000000,130000,0.12995149343859222,0.75,0.045,0.07,12731,67200,68551
21567,5732,4207,12370,5634,22000,20000000,130000,0.0520850061724844,0.75,0.045,0.07,12726,69320,70729
21567,5408,4333,10987,4751,22000,20000000,130000,0.5246331135813284,0.75,0.045,0.07,12796,66540,65570
21567,5819,3868,12774,5876,22000,20000000,130000,0.01981333734650907,0.75,0.045,0.07,12780,71124,71511
21567,6640,2854,16167,8254,22000,20000000,130000,0.0010053760853966232,0.75,0.045,0.07,12819,79754,82782
21567,7031,2330,17111,9020,23000,20000000,130000,0.0003700923931708333,0.75,0.045,0.07,13296,80622,85437
21567,588,188,21475,17741,3000,20000000,130000,0.0003700923931708333,0.75,0.045,0.07,1311,126959,128689
21567,0,0,21567,18140,1000,20000000,130000,0.0003700923931708333,0.75,0.045,0.07,0,130000,130000
21567,5516,4310,11575,5081,23000,20000000,130000,0.28876540577240617,0.75,0.045,0.07,12758,67168,67398
21567,6447,3412,14721,7273,23000,20000000,130000,0.0027281825552509286,0.75,0.045,0.07,13130,75430,78135
21567,5933,3635,13560,6587,23000,20000000,130000,0.00738136679298443,0.75,0.045,0.07,12630,73621,74009
21567,5631,4252,11742,5126,23000,20000000,130000,0.12995149343859222,0.75,0.045,0.07,13011,67932,68196
21567,5965,4280,12397,5555,23000,20000000,130000,0.0520850061724844,0.75,0.045,0.07,13064,69574,70954
21567,5520,4465,11151,4851,23000,20000000,130000,0.5246331135813284,0.75,0.045,0.07,12900,66056,66106
21567,5962,3967,12919,5909,23000,20000000,130000,0.01981333734650907,0.75,0.045,0.07,12929,70946,71891
21567,6666,2871,15918,8214,23000,20000000,130000,0.0010053760853966232,0.75,0.045,0.07,13070,78312,81930
21567,6971,2450,17103,8867,24000,20000000,130000,0.0003700923931708333,0.75,0.045,0.07,13252,79825,84901
21567,5586,4433,11416,4939,24000,20000000,130000,0.28876540577240617,0.75,0.045,0.07,12827,66714,67028
21567,5370,4230,13319,6720,3000,20000000,130000,0.28876540577240617,0.75,0.045,0.07,12770,78495,78771
21567,6406,3349,14664,7204,24000,20000000,130000,0.0027281825552509286,0.75,0.045,0.07,12933,75413,77882
21567,5993,3643,13515,6525,24000,20000000,130000,0.00738136679298443,0.75,0.045,0.07,12747,73288,74233
21567,5491,4229,11763,5292,24000,20000000,130000,0.12995149343859222,0.75,0.045,0.07,12535,68232,67811
21567,5710,3989,12181,5466,24000,20000000,130000,0.0520850061724844,0.75,0.045,0.07,12653,69428,69259
21567,5454,4361,11221,4829,24000,20000000,130000,0.5246331135813284,0.75,0.045,0.07,12810,66770,66513
21567,6019,4139,12893,5695,24000,20000000,130000,0.01981333734650907,0.75,0.045,0.07,13205,70759,71711
21567,6665,2824,15891,8060,24000,20000000,130000,0.0010053760853966232,0.75,0.045,0.07,12934,78395,81269
21567,6959,2399,16976,8870,25000,20000000,130000,0.0003700923931708333,0.75,0.045,0.07,13043,80045,83948
21567,5543,4335,11337,4967,25000,20000000,130000,0.28876540577240617,0.75,0.045,0.07,12928,66897,66711
21567,6458,3339,14604,7120,25000,20000000,130000,0.0027281825552509286,0.75,0.045,0.07,12877,75734,77398
21567,1760,942,20442,15843,3000,20000000,130000,0.0027281825552509286,0.75,0.045,0.07,4089,119422,120731
21567,6134,3729,13492,6331,25000,20000000,130000,0.00738136679298443,0.75,0.045,0.07,12666,71957,73275
21567,5651,4228,11780,5212,25000,20000000,130000,0.12995149343859222,0.75,0.045,0.07,12634,67920,68095
21567,5799,4133,12175,5381,25000,20000000,130000,0.0520850061724844,0.75,0.045,0.07,13085,68450,69308
21567,5466,4411,10987,4769,25000,20000000,130000,0.5246331135813284,0.75,0.045,0.07,13108,65242,65609
21567,6011,3999,12723,5790,25000,20000000,130000,0.01981333734650907,0.75,0.045,0.07,12935,69946,71024
21567,6761,2958,15807,7974,25000,20000000,130000,0.0010053760853966232,0.75,0.045,0.07,12872,77594,80539
21567,7163,2346,16987,8636,26000,20000000,130000,0.0003700923931708333,0.75,0.045,0.07,13212,78852,83143
21567,5576,4384,11287,4815,26000,20000000,130000,0.28876540577240617,0.75,0.045,0.07,12721,66595,66189
21567,6512,3353,14519,6878,26000,20000000,130000,0.0027281825552509286,0.75,0.045,0.07,13011,74382,76316
21567,6335,3755,13615,6329,26000,20000000,130000,0.00738136679298443,0.75,0.045,0.07,13156,71870,74052
21567,2813,1691,19407,14032,3000,20000000,130000,0.00738136679298443,0.75,0.045,0.07,6500,112394,113539
21567,5714,4326,11726,5146,26000,20000000,130000,0.12995149343859222,0.75,0.045,0.07,12900,67057,68322
21567,5813,4189,12159,5314,26000,20000000,130000,0.0520850061724844,0.75,0.045,0.07,12841,68552,69214
21567,5359,4354,10874,4707,26000,20000000,130000,0.5246331135813284,0.75,0.045,0.07,12601,65426,65195
21567,6091,4039,12824,5682,26000,20000000,130000,0.01981333734650907,0.75,0.045,0.07,12955,70203,70898
21567,6711,2905,15647,7668,26000,20000000,130000,0.0010053760853966232,0.75,0.045,0.07,12885,76994,79206
21567,7095,2428,16894,8473,27000,20000000,130000,0.0003700923931708333,0.75,0.045,0.07,13279,79212,82777
21567,5640,4512,11430,4902,27000,20000000,130000,0.28876540577240617,0.75,0.045,0.07,12953,66358,67289
21567,6496,3308,14466,6889,27000,20000000,130000,0.0027281825552509286,0.75,0.045,0.07,13090,74551,75633
21567,6264,3747,13626,6200,27000,20000000,130000,0.00738136679298443,0.75,0.045,0.07,12935,72283,73481
21567,5793,4302,11856,5116,27000,20000000,130000,0.12995149343859222,0.75,0.045,0.07,12948,67234,68348
21567,5550,4186,15112,8081,3000,20000000,130000,0.12995149343859222,0.75,0.045,0.07,12667,83674,88902
21567,5953,4293,12228,5414,27000,20000000,130000,0.0520850061724844,0.75,0.045,0.07,13199,67909,70038
21567,5368,4494,11041,4754,27000,20000000,130000,0.5246331135813284,0.75,0.045,0.07,12700,66361,66186
21567,5985,4056,12794,5734,27000,20000000,130000,0.01981333734650907,0.75,0.045,0.07,13055,69693,71320
21567,6722,2916,15683,7818,27000,20000000,130000,0.0010053760853966232,0.75,0.045,0.07,13019,76724,79252
21567,7155,2427,16701,8576,28000,20000000,130000,0.0003700923931708333,0.75,0.045,0.07,13005,77945,81997
21567,5652,4449,11304,4845,28000,20000000,130000,0.28876540577240617,0.75,0.045,0.07,12767,66577,66615
21567,6247,3242,14332,7021,28000,20000000,130000,0.0027281825552509286,0.75,0.045,0.07,12794,74635,75369
21567,6179,3734,13349,6119,28000,20000000,130000,0.00738136679298443,0.75,0.045,0.07,12974,72237,72223
21567,5691,4346,11800,5124,28000,20000000,130000,0.12995149343859222,0.75,0.045,0.07,13112,67087,68395
21567,5718,4068,12060,5380,28000,20000000,130000,0.0520850061724844,0.75,0.045,0.07,12564,68167,68455
21567,4553,3247,16142,9910,3000,20000000,130000,0.0520850061724844,0.75,0.045,0.07,10070,94679,94636
21567,5462,4365,11065,4737,28000,20000000,130000,0.5246331135813284,0.75,0.045,0.07,12825,66022,65784
21567,5989,3978,12623,5725,28000,20000000,130000,0.01981333734650907,0.75,0.045,0.07,12854,69570,70392
21567,6792,3016,15631,7615,28000,20000000,130000,0.0010053760853966232,0.75,0.045,0.07,13026,75746,78787
21567,7445,2486,16716,8346,29000,20000000,130000,0.0003700923931708333,0.75,0.045,0.07,13368,76783,81840
21567,5575,4317,11297,4950,29000,20000000,130000,0.28876540577240617,0.75,0.045,0.07,12832,66695,66365
21567,6561,3458,14358,6924,29000,20000000,130000,0.0027281825552509286,0.75,0.045,0.07,13304,73293,75871
21567,6138,3660,13460,6238,29000,20000000,130000,0.00738136679298443,0.75,0.045,0.07,12743,71800,72731
21567,5757,4303,11614,4962,29000,20000000,130000,0.12995149343859222,0.75,0.045,0.07,12824,66661,67241
21567,5837,4132,12173,5380,29000,20000000,130000,0.0520850061724844,0.75,0.045,0.07,12717,69127,69132
21567,5561,4503,11026,4611,29000,20000000,130000,0.5246331135813284,0.75,0.045,0.07,12586,65485,65397
21567,5284,4354,12149,5863,3000,20000000,130000,0.5246331135813284,0.75,0.045,0.07,12582,73989,72938
21567,5859,3994,12499,5828,29000,20000000,130000,0.01981333734650907,0.75,0.045,0.07,12778,69799,70625
21567,6813,2942,15577,7655,29000,20000000,130000,0.0010053760853966232,0.75,0.045,0.07,13193,75379,78996
21567,7340,2423,16611,8340,30000,20000000,130000,0.0003700923931708333,0.75,0.045,0.07,13284,76543,80772
21567,5567,4305,11384,4957,30000,20000000,130000,0.28876540577240617,0.75,0.045,0.07,12942,66661,66776
21567,6512,3434,14418,6763,30000,20000000,130000,0.0027281825552509286,0.75,0.045,0.07,13120,74002,75349
21567,6364,3724,13417,6163,30000,20000000,130000,0.00738136679298443,0.75,0.045,0.07,13258,70957,72447
21567,5664,4381,11767,5076,30000,20000000,130000,0.12995149343859222,0.75,0.045,0.07,13240,66935,68023
21567,5859,4095,12130,5309,30000,20000000,130000,0.0520850061724844,0.75,0.045,0.07,12985,68535,68538
21567,5517,4473,11203,4681,30000,20000000,130000,0.5246331135813284,0.75,0.045,0.07,13154,65757,66353
21567,6123,4004,12658,5728,30000,20000000,130000,0.01981333734650907,0.75,0.045,0.07,13048,69401,70462
21567,3949,2684,17881,11780,3000,20000000,130000,0.01981333734650907,0.75,0.045,0.07,8888,102313,104164
21567,7012,3062,15503,7493,30000,20000000,130000,0.0010053760853966232,0.75,0.045,0.07,13283,74947,78117
21567,7544,2539,16731,8184,31000,20000000,130000,0.0003700923931708333,0.75,0.045,0.07,13657,75672,80748
21567,5457,4406,11264,4948,31000,20000000,130000,0.28876540577240617,0.75,0.045,0.07,12408,66759,66657
21567,6470,3362,14231,6695,31000,20000000,130000,0.0027281825552509286,0.75,0.045,0.07,12810,73154,74501
21567,6116,3790,13336,6049,31000,20000000,130000,0.00738136679298443,0.75,0.045,0.07,12788,72032,72303
21567,5709,4322,11687,4999,31000,20000000,130000,0.12995149343859222,0.75,0.045,0.07,12867,66821,67516
21567,5589,4030,12013,5348,31000,20000000,130000,0.0520850061724844,0.75,0.045,0.07,12746,68727,68511
21567,5448,4440,11067,4583,31000,20000000,130000,0.5246331135813284,0.75,0.045,0.07,12842,64899,66012
21567,6096,3926,12742,5653,31000,20000000,130000,0.01981333734650907,0.75,0.045,0.07,13196,69653,70549
21567,6664,2870,15383,7579,31000,20000000,130000,0.0010053760853966232,0.75,0.045,0.07,13037,75035,77538
21567,883,337,21164,17180,3000,20000000,130000,0.0010053760853966232,0.75,0.045,0.07,1925,125292,125910
21567,8555,2673,15230,6170,32000,20000000,130000,0.0003700923931708333,0.75,0.045,0.07,13724,61934,67790
21567,4633,3463,6398,1399,32000,20000000,130000,0.28876540577240617,0.75,0.045,0.07,10438,35231,36182
21567,7175,3402,11271,3690,32000,20000000,130000,0.0027281825552509286,0.75,0.045,0.07,12380,50423,53182
21567,6281,3467,9571,2849,32000,20000000,130000,0.00738136679298443,0.75,0.045,0.07,11812,46167,47242
21567,4928,3422,6852,1668,32000,20000000,130000,0.12995149343859222,0.75,0.045,0.07,10149,36309,37513
21567,5384,3554,7485,1932,32000,20000000,130000,0.0520850061724844,0.75,0.045,0.07,10638,39090,40264
21567,4237,3343,5845,1294,32000,20000000,130000,0.5246331135813284,0.75,0.045,0.07,9557,34446,33445
21567,5649,3559,8205,2204,32000,20000000,130000,0.01981333734650907,0.75,0.045,0.07,11229,41425,42691
21567,7735,3025,13033,4736,32000,20000000,130000,0.0010053760853966232,0.75,0.045,0.07,13253,56193,59636
21567,8642,2665,15038,5878,33000,20000000,130000,0.0003700923931708333,0.75,0.045,0.07,13899,60850,65931
21567,1181,420,21209,17069,4000,20000000,130000,0.0003700923931708333,0.75,0.045,0.07,2785,123186,125779
21567,4480,3443,6117,1426,33000,20000000,130000,0.28876540577240617,0.75,0.045,0.07,9916,35555,35177
21567,7215,3390,11210,3521,33000,20000000,130000,0.0027281825552509286,0.75,0.045,0.07,12673,49838,52924
21567,6453,3489,9708,2883,33000,20000000,130000,0.00738136679298443,0.75,0.045,0.07,12009,45814,47805
21567,4828,3460,6684,1593,33000,20000000,130000,0.12995149343859222,0.75,0.045,0.07,10289,36535,37149
21567,5291,3484,7468,1862,33000,20000000,130000,0.0520850061724844,0.75,0.045,0.07,10722,39429,39786
21567,4321,3303,5763,1171,33000,20000000,130000,0.5246331135813284,0.75,0.045,0.07,9594,34002,32947
21567,5748,3509,8293,2201,33000,20000000,130000,0.01981333734650907,0.75,0.045,0.07,11217,41921,42558
21567,7732,3035,12982,4767,33000,20000000,130000,0.0010053760853966232,0.75,0.045,0.07,13227,55600,59492
21567,8630,2597,14999,5719,34000,20000000,130000,0.0003700923931708333,0.75,0.045,0.07,13825,59946,65131
21567,4469,3462,6055,1348,34000,20000000,130000,0.28876540577240617,0.75,0.045,0.07,10220,35220,34994
21567,5397,4374,13169,6501,4000,20000000,130000,0.28876540577240617,0.75,0.045,0.07,12604,75539,77742
21567,4406,3548,17215,10841,1000,20000000,130000,0.28876540577240617,0.75,0.045,0.07,10501,98907,103117
21567,7226,3320,11222,3512,34000,20000000,130000,0.0027281825552509286,0.75,0.045,0.07,12350,49872,52325
21567,6375,3538,9503,2730,34000,20000000,130000,0.00738136679298443,0.75,0.045,0.07,11786,45105,47053
21567,4853,3414,6716,1669,34000,20000000,130000,0.12995149343859222,0.75,0.045,0.07,10266,37362,37115
21567,5306,3553,7349,1777,34000,20000000,130000,0.0520850061724844,0.75,0.045,0.07,10720,38174,39117
21567,4336,3348,5844,1319,34000,20000000,130000,0.5246331135813284,0.75,0.045,0.07,9822,34504,34029
21567,5622,3358,8166,2223,34000,20000000,130000,0.01981333734650907,0.75,0.045,0.07,10925,41301,41839
21567,7803,3034,12992,4582,34000,20000000,130000,0.0010053760853966232,0.75,0.045,0.07,13124,55155,58884
21567,8702,2568,14896,5709,35000,20000000,130000,0.0003700923931708333,0.75,0.045,0.07,13831,58788,64504
21567,4425,3463,6136,1396,35000,20000000,130000,0.28876540577240617,0.75,0.045,0.07,10064,34821,35212
21567,7011,3284,11071,3410,35000,20000000,130000,0.0027281825552509286,0.75,0.045,0.07,12578,48550,51705
21567,2699,1481,19802,14392,4000,20000000,130000,0.0027281825552509286,0.75,0.045,0.07,6064,113199,115167
21567,6419,3481,9555,2712,35000,20000000,130000,0.00738136679298443,0.75,0.045,0.07,11785,44646,46665
21567,4860,3454,6634,1506,35000,20000000,130000,0.12995149343859222,0.75,0.045,0.07,10318,36273,36611
21567,5013,3392,7245,1825,35000,20000000,130000,0.0520850061724844,0.75,0.045,0.07,10570,39053,38759
21567,4306,3468,5879,1269,35000,20000000,130000,0.5246331135813284,0.75,0.045,0.07,9803,33887,34169
21567,5608,3361,8090,2142,35000,20000000,130000,0.01981333734650907,0.75,0.045,0.07,10823,41383,41216
21567,8028,3186,12946,4532,35000,20000000,130000,0.0010053760853966232,0.75,0.045,0.07,13104,53809,58833
21567,8657,2624,14819,5575,36000,20000000,130000,0.0003700923931708333,0.75,0.045,0.07,13502,57787,63987
21567,4510,3377,6162,1376,36000,20000000,130000,0.28876540577240617,0.75,0.045,0.07,10287,34131,35102
21567,7149,3278,10920,3480,36000,20000000,130000,0.0027281825552509286,0.75,0.045,0.07,12217,48634,50962
21567,6224,3391,9416,2728,36000,20000000,130000,0.00738136679298443,0.75,0.045,0.07,11539,44992,46263
21567,3682,2275,18306,12412,4000,20000000,130000,0.00738136679298443,0.75,0.045,0.07,8326,104317,106152
21567,4739,3533,6570,1629,36000,20000000,130000,0.12995149343859222,0.75,0.045,0.07,10414,36831,37081
21567,5179,3519,7261,1890,36000,20000000,130000,0.0520850061724844,0.75,0.045,0.07,10703,38526,39107
21567,4230,3343,5708,1282,36000,20000000,130000,0.5246331135813284,0.75,0.045,0.07,9777,33416,33322
21567,5529,3478,7935,2152,36000,20000000,130000,0.01981333734650907,0.75,0.045,0.07,10885,40995,41386
21567,7764,3067,12591,4265,36000,20000000,130000,0.0010053760853966232,0.75,0.045,0.07,12528,53622,56652
21567,8777,2579,14565,5390,37000,20000000,130000,0.0003700923931708333,0.75,0.045,0.07,13619,56764,62700
21567,4517,3417,6200,1385,37000,20000000,130000,0.28876540577240617,0.75,0.045,0.07,9873,35742,34934
21567,7086,3224,10846,3323,37000,20000000,130000,0.0027281825552509286,0.75,0.045,0.07,12586,48066,50784
21567,6404,3522,9300,2503,37000,20000000,130000,0.00738136679298443,0.75,0.045,0.07,11886,43023,45454
21567,4738,3376,6473,1522,37000,20000000,130000,0.12995149343859222,0.75,0.045,0.07,10033,36420,35989
21567,5056,3879,13658,7238,4000,20000000,130000,0.12995149343859222,0.75,0.045,0.07,11959,81438,80335
21567,5161,3453,7212,1762,37000,20000000,130000,0.0520850061724844,0.75,0.045,0.07,10481,37730,38624
21567,4165,3369,5668,1300,37000,20000000,130000,0.5246331135813284,0.75,0.045,0.07,9684,34092,33679
21567,5738,3405,8232,2138,37000,20000000,130000,0.01981333734650907,0.75,0.045,0.07,11227,41283,41891
21567,7990,3044,12740,4270,37000,20000000,130000,0.0010053760853966232,0.75,0.045,0.07,13041,52532,56899
21567,8721,2612,14334,5313,38000,20000000,130000,0.0003700923931708333,0.75,0.045,0.07,13608,56040,61780
21567,4563,3451,6174,1302,38000,20000000,130000,0.28876540577240617,0.75,0.045,0.07,9931,34642,34987
21567,7008,3381,10671,3300,38000,20000000,130000,0.0027281825552509286,0.75,0.045,0.07,12304,47875,50218
21567,6230,3463,9131,2568,38000,20000000,130000,0.00738136679298443,0.75,0.045,0.07,11435,43535,44477
21567,4832,3430,6649,1581,38000,20000000,130000,0.12995149343859222,0.75,0.045,0.07,10366,36237,36794
21567,5278,3509,7246,1691,38000,20000000,130000,0.0520850061724844,0.75,0.045,0.07,10680,37365,38734
21567,5171,3698,15478,8883,4000,20000000,130000,0.0520850061724844,0.75,0.045,0.07,11712,88085,90316
21567,4237,3485,5766,1273,38000,20000000,130000,0.5246331135813284,0.75,0.045,0.07,9588,33692,34103
21567,5597,3417,7996,2104,38000,20000000,130000,0.01981333734650907,0.75,0.045,0.07,10790,40944,40882
21567,7696,3031,12357,4192,38000,20000000,130000,0.0010053760853966232,0.75,0.045,0.07,12614,52492,55656
21567,8869,2460,14365,5293,39000,20000000,130000,0.0003700923931708333,0.75,0.045,0.07,13403,55350,60921
21567,4467,3487,6087,1420,39000,20000000,130000,0.28876540577240617,0.75,0.045,0.07,10153,35344,35180
21567,7146,3219,10800,3174,39000,20000000,130000,0.0027281825552509286,0.75,0.045,0.07,12326,46762,49654
21567,6305,3290,9254,2521,39000,20000000,130000,0.00738136679298443,0.75,0.045,0.07,11379,43736,44922
21567,4858,3392,6609,1583,39000,20000000,130000,0.12995149343859222,0.75,0.045,0.07,10231,36532,36804
21567,5296,3450,7331,1804,39000,20000000,130000,0.0520850061724844,0.75,0.045,0.07,10753,37479,38973
21567,4253,3371,5713,1309,39000,20000000,130000,0.5246331135813284,0.75,0.045,0.07,9426,34129,33334
21567,5343,4405,11792,5450,4000,20000000,130000,0.5246331135813284,0.75,0.045,0.07,12944,70507,70634
21567,5675,3485,8146,2124,39000,20000000,130000,0.01981333734650907,0.75,0.045,0.07,11013,40597,41969
21567,7892,2956,12547,4224,39000,20000000,130000,0.0010053760853966232,0.75,0.045,0.07,12618,51645,55344
21567,8843,2624,14328,5058,40000,20000000,130000,0.0003700923931708333,0.75,0.045,0.07,13443,54800,59949
21567,4547,3416,6210,1404,40000,20000000,130000,0.28876540577240617,0.75,0.045,0.07,10029,35416,35456
21567,7070,3274,10725,3105,40000,20000000,130000,0.0027281825552509286,0.75,0.045,0.07,12189,46838,49245
21567,6295,3264,9227,2612,40000,20000000,130000,0.00738136679298443,0.75,0.045,0.07,11348,43257,44681
21567,4683,3432,6527,1575,40000,20000000,130000,0.12995149343859222,0.75,0.045,0.07,10144,36662,36207
21567,5219,3460,7243,1735,40000,20000000,130000,0.0520850061724844,0.75,0.045,0.07,10641,37276,38462
21567,4394,3480,5890,1263,40000,20000000,130000,0.5246331135813284,0.75,0.045,0.07,9912,33752,34304
21567,5749,3447,8098,2061,40000,20000000,130000,0.01981333734650907,0.75,0.045,0.07,11047,39769,41395
21567,4410,2914,16432,10351,4000,20000000,130000,0.01981333734650907,0.75,0.045,0.07,9726,96343,95429
21567,7967,2961,12554,4070,40000,20000000,130000,0.0010053760853966232,0.75,0.045,0.07,12762,51032,54888
21567,9014,2522,14349,4965,41000,20000000,130000,0.0003700923931708333,0.75,0.045,0.07,13385,53615,59546
21567,4522,3348,6124,1468,41000,20000000,130000,0.28876540577240617,0.75,0.045,0.07,9971,34861,35072
21567,6939,3179,10463,3134,41000,20000000,130000,0.0027281825552509286,0.75,0.045,0.07,11966,46524,48532
21567,6262,3368,9146,2449,41000,20000000,130000,0.00738136679298443,0.75,0.045,0.07,11406,43241,44390
21567,4825,3400,6676,1529,41000,20000000,130000,0.12995149343859222,0.75,0.045,0.07,10159,36222,36296
21567,5131,3446,7169,1663,41000,20000000,130000,0.0520850061724844,0.75,0.045,0.07,10491,37295,38107
21567,4333,3404,5889,1257,41000,20000000,130000,0.5246331135813284,0.75,0.045,0.07,9853,33953,33964
21567,5674,3441,8062,2021,41000,20000000,130000,0.01981333734650907,0.75,0.045,0.07,11129,39901,41139
21567,8046,2978,12445,3938,41000,20000000,130000,0.0010053760853966232,0.75,0.045,0.07,13064,50327,54470
21567,1892,839,20696,16027,4000,20000000,130000,0.0010053760853966232,0.75,0.045,0.07,4391,118668,121678
21567,8823,2582,14185,4973,42000,20000000,130000,0.0003700923931708333,0.75,0.045,0.07,13248,53988,59029
21567,4584,3459,6147,1391,42000,20000000,130000,0.28876540577240617,0.75,0.045,0.07,10001,34543,34852
21567,7091,3304,10576,3141,42000,20000000,130000,0.0027281825552509286,0.75,0.045,0.07,11936,45931,48979
21567,6259,3436,9035,2466,42000,20000000,130000,0.00738136679298443,0.75,0.045,0.07,11352,42176,43978
21567,4659,3393,6455,1529,42000,20000000,130000,0.12995149343859222,0.75,0.045,0.07,10151,36076,36009
21567,5118,3475,7118,1786,42000,20000000,130000,0.0520850061724844,0.75,0.045,0.07,10723,37878,38413
21567,4181,3541,5749,1335,42000,20000000,130000,0.5246331135813284,0.75,0.045,0.07,9795,34118,34375
21567,5582,3436,7841,1986,42000,20000000,130000,0.01981333734650907,0.75,0.045,0.07,10954,39440,40024
21567,7932,2946,12312,4043,42000,20000000,130000,0.0010053760853966232,0.75,0.045,0.07,12447,49914,53821
21567,8954,2550,14141,4774,43000,20000000,130000,0.0003700923931708333,0.75,0.045,0.07,13263,53337,58233
21567,1916,654,20835,16090,5000,20000000,130000,0.0003700923931708333,0.75,0.045,0.07,4325,119117,121265
21567,4428,3535,5999,1419,43000,20000000,130000,0.28876540577240617,0.75,0.045,0.07,10146,34237,34727
21567,6984,3194,10421,3099,43000,20000000,130000,0.0027281825552509286,0.75,0.045,0.07,11673,46118,47729
21567,6194,3222,8998,2410,43000,20000000,130000,0.00738136679298443,0.75,0.045,0.07,11453,42793,43307
21567,4785,3459,6565,1523,43000,20000000,130000,0.12995149343859222,0.75,0.045,0.07,10215,35744,36087
21567,5101,3531,7129,1743,43000,20000000,130000,0.0520850061724844,0.75,0.045,0.07,10577,37331,38325
21567,4446,3475,5939,1282,43000,20000000,130000,0.5246331135813284,0.75,0.045,0.07,9926,33387,34221
21567,5555,3492,7967,2032,43000,20000000,130000,0.01981333734650907,0.75,0.045,0.07,10947,39714,40551
21567,7969,3112,12220,3830,43000,20000000,130000,0.0010053760853966232,0.75,0.045,0.07,12712,49088,53463
21567,8743,2478,13870,4766,44000,20000000,130000,0.0003700923931708333,0.75,0.045,0.07,12965,53269,57408
21567,4587,3373,6216,1367,44000,20000000,130000,0.28876540577240617,0.75,0.045,0.07,9965,34495,34620
21567,5519,4348,12577,6024,5000,20000000,130000,0.28876540577240617,0.75,0.045,0.07,12476,73646,74538
21567,6983,3173,10402,3025,44000,20000000,130000,0.0027281825552509286,0.75,0.045,0.07,11743,46232,47578
21567,6243,3395,9083,2486,44000,20000000,130000,0.00738136679298443,0.75,0.045,0.07,11377,42740,44239
21567,4694,3498,6470,1533,44000,20000000,130000,0.12995149343859222,0.75,0.045,0.07,10092,36070,36170
21567,5181,3418,7188,1737,44000,20000000,130000,0.0520850061724844,0.75,0.045,0.07,10582,37130,38170
21567,4188,3399,5698,1209,44000,20000000,130000,0.5246331135813284,0.75,0.045,0.07,9994,33894,33735
21567,5507,3410,7829,2032,44000,20000000,130000,0.01981333734650907,0.75,0.045,0.07,10898,39849,40311
21567,7930,2940,12140,3844,44000,20000000,130000,0.0010053760853966232,0.75,0.045,0.07,12466,49122,52779
21567,8827,2557,13842,4640,45000,20000000,130000,0.0003700923931708333,0.75,0.045,0.07,13041,52124,56920
21567,4589,3457,6226,1341,45000,20000000,130000,0.28876540577240617,0.75,0.045,0.07,10098,34636,34915
21567,7068,3272,10455,3136,45000,20000000,130000,0.0027281825552509286,0.75,0.045,0.07,12008,44833,48102
21567,3751,2064,18938,12952,5000,20000000,130000,0.0027281825552509286,0.75,0.045,0.07,8428,105115,108511
21567,0,0,21567,18140,1000,20000000,130000,0.0027281825552509286,0.75,0.045,0.07,0,130000,130000
21567,6202,3334,8936,2378,45000,20000000,130000,0.00738136679298443,0.75,0.045,0.07,11469,41373,43545
21567,4856,3403,6645,1571,45000,20000000,130000,0.12995149343859222,0.75,0.045,0.07,10423,35213,36677
21567,5210,3472,7204,1804,45000,20000000,130000,0.0520850061724844,0.75,0.045,0.07,10560,37394,38394
21567,4365,3444,5831,1248,45000,20000000,130000,0.5246331135813284,0.75,0.045,0.07,9942,33251,33940
21567,5592,3374,7860,2034,45000,20000000,130000,0.01981333734650907,0.75,0.045,0.07,10775,39176,40319
21567,8018,3015,12106,3867,45000,20000000,130000,0.0010053760853966232,0.75,0.045,0.07,12562,48384,52603
21567,9100,2569,13998,4687,46000,20000000,130000,0.0003700923931708333,0.75,0.045,0.07,13319,51458,57456
21567,4490,3448,6119,1321,46000,20000000,130000,0.28876540577240617,0.75,0.045,0.07,9848,34365,34480
21567,7115,3267,10361,3032,46000,20000000,130000,0.0027281825552509286,0.75,0.045,0.07,11970,44916,47408
21567,6167,3356,8896,2388,46000,20000000,130000,0.00738136679298443,0.75,0.045,0.07,11214,41438,43040
21567,4569,2797,17441,11003,5000,20000000,130000,0.00738136679298443,0.75,0.045,0.07,10050,97033,100194
21567,4706,3385,6480,1476,46000,20000000,130000,0.12995149343859222,0.75,0.045,0.07,10256,35779,35706
21567,5115,3418,7031,1702,46000,20000000,130000,0.0520850061724844,0.75,0.045,0.07,10438,37239,37579
21567,4193,3395,5663,1239,46000,20000000,130000,0.5246331135813284,0.75,0.045,0.07,9779,33846,33394
21567,5523,3311,7752,2031,46000,20000000,130000,0.01981333734650907,0.75,0.045,0.07,10748,39669,39774
21567,7880,2849,12006,3714,46000,20000000,130000,0.0010053760853966232,0.75,0.045,0.07,12452,48556,52176
21567,8943,2606,13816,4586,47000,20000000,130000,0.0003700923931708333,0.75,0.045,0.07,13026,50797,56686
21567,4503,3441,6111,1354,47000,20000000,130000,0.28876540577240617,0.75,0.045,0.07,9893,34722,34774
21567,6897,3099,10149,2962,47000,20000000,130000,0.0027281825552509286,0.75,0.045,0.07,11851,44762,46167
21567,6235,3293,8958,2374,47000,20000000,130000,0.00738136679298443,0.75,0.045,0.07,11313,41286,42483
21567,4798,3271,6567,1457,47000,20000000,130000,0.12995149343859222,0.75,0.045,0.07,10040,36250,35830
21567,5444,4171,13287,6676,5000,20000000,130000,0.12995149343859222,0.75,0.045,0.07,12710,78070,78361
21567,5092,3231,6988,1733,47000,20000000,130000,0.0520850061724844,0.75,0.045,0.07,10471,37241,37462
21567,4219,3481,5712,1303,47000,20000000,130000,0.5246331135813284,0.75,0.045,0.07,10105,33793,34357
21567,5476,3385,7831,1885,47000,20000000,130000,0.01981333734650907,0.75,0.045,0.07,10651,38918,39766
21567,7872,2973,11939,3634,47000,20000000,130000,0.0010053760853966232,0.75,0.045,0.07,12294,48274,51798
21567,8803,2429,13686,4515,48000,20000000,130000,0.0003700923931708333,0.75,0.045,0.07,12790,51222,55591
21567,4607,3407,6224,1403,48000,20000000,130000,0.28876540577240617,0.75,0.045,0.07,10312,34893,35128
21567,6955,3216,10228,2901,48000,20000000,130000,0.0027281825552509286,0.75,0.045,0.07,11726,44794,46939
21567,6228,3329,8882,2228,48000,20000000,130000,0.00738136679298443,0.75,0.045,0.07,11109,40919,42507
21567,4650,3377,6444,1482,48000,20000000,130000,0.12995149343859222,0.75,0.045,0.07,9954,36104,35484
21567,5109,3361,7082,1710,48000,20000000,130000,0.0520850061724844,0.75,0.045,0.07,10526,37292,37990
21567,5333,3925,14629,7987,5000,20000000,130000,0.0520850061724844,0.75,0.045,0.07,11867,83325,85128
21567,4134,3310,5554,1264,48000,20000000,130000,0.5246331135813284,0.75,0.045,0.07,9644,33997,33143
21567,5580,3306,7889,2004,48000,20000000,130000,0.01981333734650907,0.75,0.045,0.07,10734,39502,39847
21567,7925,2867,11994,3560,48000,20000000,130000,0.0010053760853966232,0.75,0.045,0.07,12291,47686,51407
21567,9108,2519,13859,4487,49000,20000000,130000,0.0003700923931708333,0.75,0.045,0.07,13031,49860,55693
21567,4364,3464,6056,1356,49000,20000000,130000,0.28876540577240617,0.75,0.045,0.07,9802,34309,34563
21567,6905,3083,10159,2950,49000,20000000,130000,0.0027281825552509286,0.75,0.045,0.07,11583,44155,46239
21567,6066,3323,8719,2360,49000,20000000,130000,0.00738136679298443,0.75,0.045,0.07,11045,41424,42151
21567,4698,3375,6438,1507,49000,20000000,130000,0.12995149343859222,0.75,0.045,0.07,9922,35380,35592
21567,5101,3489,7119,1698,49000,20000000,130000,0.0520850061724844,0.75,0.045,0.07,10416,36587,37759
21567,4357,3410,5850,1271,49000,20000000,130000,0.5246331135813284,0.75,0.045,0.07,9736,33827,33767
21567,5482,4516,11592,5116,5000,20000000,130000,0.5246331135813284,0.75,0.045,0.07,12818,68299,68878
21567,5473,3328,7689,1899,49000,20000000,130000,0.01981333734650907,0.75,0.045,0.07,10602,38588,39351
21567,8039,3055,11949,3539,49000,20000000,130000,0.0010053760853966232,0.75,0.045,0.07,12329,46928,51221
21567,8938,2554,13630,4400,50000,20000000,130000,0.0003700923931708333,0.75,0.045,0.07,12617,49463,54884
21567,4471,3398,6060,1293,50000,20000000,130000,0.28876540577240617,0.75,0.045,0.07,10050,34199,34717
21567,7010,3044,10198,2877,50000,20000000,130000,0.0027281825552509286,0.75,0.045,0.07,11529,44167,46091
21567,6153,3267,8764,2287,50000,20000000,130000,0.00738136679298443,0.75,0.045,0.07,10917,41201,41905
21567,4594,3330,6297,1528,50000,20000000,130000,0.12995149343859222,0.75,0.045,0.07,10032,35481,35506
21567,4994,3286,6917,1638,50000,20000000,130000,0.0520850061724844,0.75,0.045,0.07,10220,37286,36870
21567,4276,3399,5828,1248,50000,20000000,130000,0.5246331135813284,0.75,0.045,0.07,9993,33631,33896
21567,5576,3460,7733,1910,50000,20000000,130000,0.01981333734650907,0.75,0.045,0.07,10635,38811,39814
21567,4930,3263,15898,9340,5000,20000000,130000,0.01981333734650907,0.75,0.045,0.07,10958,90730,91430
21567,7858,2884,11921,3566,50000,20000000,130000,0.0010053760853966232,0.75,0.045,0.07,12102,47238,50634
21567,9045,2573,13585,4255,51000,20000000,130000,0.0003700923931708333,0.75,0.045,0.07,12847,48620,54057
21567,4464,3440,6126,1329,51000,20000000,130000,0.28876540577240617,0.75,0.045,0.07,10032,34285,34905
21567,7026,3110,10168,2751,51000,20000000,130000,0.0027281825552509286,0.75,0.045,0.07,11531,43440,45835
21567,6194,3276,8717,2343,51000,20000000,130000,0.00738136679298443,0.75,0.045,0.07,11255,40415,42102
21567,4808,3444,6550,1500,51000,20000000,130000,0.12995149343859222,0.75,0.045,0.07,10050,35009,35853
21567,5121,3335,7137,1738,51000,20000000,130000,0.0520850061724844,0.75,0.045,0.07,10489,36630,37330
21567,4276,3378,5806,1189,51000,20000000,130000,0.5246331135813284,0.75,0.045,0.07,9649,33649,33754
21567,5516,3351,7663,1896,51000,20000000,130000,0.01981333734650907,0.75,0.045,0.07,10616,38362,39183
21567,8012,2868,11842,3469,51000,20000000,130000,0.0010053760853966232,0.75,0.045,0.07,12221,46339,50513
21567,2606,1134,20190,15025,5000,20000000,130000,0.0010053760853966232,0.75,0.045,0.07,5826,114464,116767
21567,9055,2664,13647,4268,52000,20000000,130000,0.0003700923931708333,0.75,0.045,0.07,12812,48734,54795
21567,4497,3386,6069,1277,52000,20000000,130000,0.28876540577240617,0.75,0.045,0.07,9867,34195,34254
21567,6993,3121,10095,2807,52000,20000000,130000,0.0027281825552509286,0.75,0.045,0.07,11490,43137,45405
21567,6215,3390,8763,2258,52000,20000000,130000,0.00738136679298443,0.75,0.045,0.07,11007,40485,41865
21567,4641,3358,6344,1514,52000,20000000,130000,0.12995149343859222,0.75,0.045,0.07,10011,35592,35534
21567,5018,3338,6945,1650,52000,20000000,130000,0.0520850061724844,0.75,0.045,0.07,10298,36768,36941
21567,4283,3410,5806,1277,52000,20000000,130000,0.5246331135813284,0.75,0.045,0.07,9662,33905,33858
21567,5463,3289,7644,1929,52000,20000000,130000,0.01981333734650907,0.75,0.045,0.07,10744,38092,38858
21567,7834,2950,11658,3420,52000,20000000,130000,0.0010053760853966232,0.75,0.045,0.07,12095,46342,49421
21567,8879,2469,13488,4199,53000,20000000,130000,0.0003700923931708333,0.75,0.045,0.07,12610,49042,53717
21567,2708,939,20503,15411,6000,20000000,130000,0.0003700923931708333,0.75,0.045,0.07,5972,114076,117891
21567,4395,3372,5964,1378,53000,20000000,130000,0.28876540577240617,0.75,0.045,0.07,9965,34165,34382
21567,6977,3140,10022,2781,53000,20000000,130000,0.0027281825552509286,0.75,0.045,0.07,11400,43195,45427
21567,6058,3257,8808,2349,53000,20000000,130000,0.00738136679298443,0.75,0.045,0.07,11078,40809,42365
21567,4744,3436,6489,1441,53000,20000000,130000,0.12995149343859222,0.75,0.045,0.07,10082,34995,35559
21567,5004,3395,6962,1607,53000,20000000,130000,0.0520850061724844,0.75,0.045,0.07,10075,37092,37011
21567,4185,3311,5674,1239,53000,20000000,130000,0.5246331135813284,0.75,0.045,0.07,9681,33689,33345
21567,5660,3371,7765,1741,53000,20000000,130000,0.01981333734650907,0.75,0.045,0.07,10762,37909,39284
21567,7701,2852,11614,3465,53000,20000000,130000,0.0010053760853966232,0.75,0.045,0.07,11697,46473,49206
21567,8985,2495,13444,4164,54000,20000000,130000,0.0003700923931708333,0.75,0.045,0.07,12770,48567,53202
21567,4533,3313,6087,1370,54000,20000000,130000,0.28876540577240617,0.75,0.045,0.07,10016,33593,34438
21567,5559,4420,12345,5638,6000,20000000,130000,0.28876540577240617,0.75,0.045,0.07,12907,71770,72487
21567,6940,3118,10019,2796,54000,20000000,130000,0.0027281825552509286,0.75,0.045,0.07,11519,42863,45521
21567,6112,3289,8668,2290,54000,20000000,130000,0.00738136679298443,0.75,0.045,0.07,10918,40527,41703
21567,4575,3320,6335,1479,54000,20000000,130000,0.12995149343859222,0.75,0.045,0.07,9837,35347,34910
21567,5047,3378,6963,1618,54000,20000000,130000,0.0520850061724844,0.75,0.045,0.07,10282,36533,37164
21567,4186,3323,5647,1258,54000,20000000,130000,0.5246331135813284,0.75,0.045,0.07,9623,33584,33236
21567,5515,3315,7676,1864,54000,20000000,130000,0.01981333734650907,0.75,0.045,0.07,10591,37928,38729
21567,7918,2848,11686,3480,54000,20000000,130000,0.0010053760853966232,0.75,0.045,0.07,11857,45878,49207
21567,9068,2596,13404,4164,55000,20000000,130000,0.0003700923931708333,0.75,0.045,0.07,12862,47939,53421
21567,4543,3426,6090,1389,55000,20000000,130000,0.28876540577240617,0.75,0.045,0.07,9977,34738,34591
21567,6877,3216,10028,2683,55000,20000000,130000,0.0027281825552509286,0.75,0.045,0.07,11467,42938,45159
21567,4085,2148,18347,12232,6000,20000000,130000,0.0027281825552509286,0.75,0.045,0.07,8885,102393,104181
21567,6067,3216,8645,2247,55000,20000000,130000,0.00738136679298443,0.75,0.045,0.07,11000,40353,41423
21567,4536,3394,6243,1510,55000,20000000,130000,0.12995149343859222,0.75,0.045,0.07,9799,35744,35200
21567,4990,3323,6862,1657,55000,20000000,130000,0.0520850061724844,0.75,0.045,0.07,9980,36471,36623
21567,4341,3514,5859,1206,55000,20000000,130000,0.5246331135813284,0.75,0.045,0.07,9721,33456,33921
21567,5446,3286,7641,1837,55000,20000000,130000,0.01981333734650907,0.75,0.045,0.07,10627,38278,38370
21567,7941,2943,11571,3349,55000,20000000,130000,0.0010053760853966232,0.75,0.045,0.07,12121,45439,48926
21567,9138,2490,13379,4018,56000,20000000,130000,0.0003700923931708333,0.75,0.045,0.07,12684,47626,53105
21567,4378,3379,5977,1307,56000,20000000,130000,0.28876540577240617,0.75,0.045,0.07,9914,33969,34385
21567,6891,3148,9852,2694,56000,20000000,130000,0.0027281825552509286,0.75,0.045,0.07,11431,42504,45010
21567,6183,3174,8611,2192,56000,20000000,130000,0.00738136679298443,0.75,0.045,0.07,10903,39711,40743
21567,4864,2923,16744,10339,6000,20000000,130000,0.00738136679298443,0.75,0.045,0.07,10633,93572,96061
21567,118,60,21483,17989,1000,20000000,130000,0.00738136679298443,0.75,0.045,0.07,255,129408,129362
21567,4830,3424,6442,1438,56000,20000000,130000,0.12995149343859222,0.75,0.045,0.07,10256,34376,35323
21567,4916,3331,6817,1677,56000,20000000,130000,0.0520850061724844,0.75,0.045,0.07,10158,36993,36617
21567,4253,3376,5718,1193,56000,20000000,130000,0.5246331135813284,0.75,0.045,0.07,9687,33148,33277
21567,5489,3344,7619,1898,56000,20000000,130000,0.01981333734650907,0.75,0.045,0.07,10684,38441,38805
21567,7856,2857,11458,3377,56000,20000000,130000,0.0010053760853966232,0.75,0.045,0.07,11727,45209,48597
21567,9016,2558,13303,3960,57000,20000000,130000,0.0003700923931708333,0.75,0.045,0.07,12374,46911,51829
21567,4380,3422,5903,1376,57000,20000000,130000,0.28876540577240617,0.75,0.045,0.07,9901,34758,34211
21567,6995,3030,9988,2692,57000,20000000,130000,0.0027281825552509286,0.75,0.045,0.07,11287,42127,44100
21567,6245,3242,8754,2238,57000,20000000,130000,0.00738136679298443,0.75,0.045,0.07,10998,39604,41630
21567,4750,3352,6487,1432,57000,20000000,130000,0.12995149343859222,0.75,0.045,0.07,9951,35331,35158
21567,5427,4321,12741,6037,6000,20000000,130000,0.12995149343859222,0.75,0.045,0.07,12727,75823,74869
21567,5115,3382,6974,1588,57000,20000000,130000,0.0520850061724844,0.75,0.045,0.07,10136,36104,36688
21567,4272,3452,5718,1205,57000,20000000,130000,0.5246331135813284,0.75,0.045,0.07,9862,33024,33608
21567,5491,3330,7687,1883,57000,20000000,130000,0.01981333734650907,0.75,0.045,0.07,10681,37564,38713
21567,7883,2902,11384,3205,57000,20000000,130000,0.0010053760853966232,0.75,0.045,0.07,11890,45122,47871
21567,8975,2506,13265,3986,58000,20000000,130000,0.0003700923931708333,0.75,0.045,0.07,12309,46912,52174
21567,4324,3460,5854,1270,58000,20000000,130000,0.28876540577240617,0.75,0.045,0.07,9821,33999,33957
21567,6906,3053,9819,2660,58000,20000000,130000,0.0027281825552509286,0.75,0.045,0.07,11312,41463,43815
21567,6187,3284,8611,2132,58000,20000000,130000,0.00738136679298443,0.75,0.045,0.07,10952,39795,40904
21567,4571,3429,6266,1414,58000,20000000,130000,0.12995149343859222,0.75,0.045,0.07,9876,35222,34771
21567,4932,3268,6785,1625,58000,20000000,130000,0.0520850061724844,0.75,0.045,0.07,10213,36452,36157
21567,5480,3868,14147,7334,6000,20000000,130000,0.0520850061724844,0.75,0.045,0.07,12137,80521,81434
21567,4353,3395,5851,1257,58000,20000000,130000,0.5246331135813284,0.75,0.045,0.07,9681,33848,33778
21567,5433,3377,7596,1845,58000,20000000,130000,0.01981333734650907,0.75,0.045,0.07,10416,37881,38177
21567,7865,2886,11481,3216,58000,20000000,130000,0.0010053760853966232,0.75,0.045,0.07,11760,45189,48164
21567,9155,2572,13190,3877,59000,20000000,130000,0.0003700923931708333,0.75,0.045,0.07,12478,46163,51729
21567,4470,3355,6014,1298,59000,20000000,130000,0.28876540577240617,0.75,0.045,0.07,9726,34444,34226
21567,6857,3050,9804,2661,59000,20000000,130000,0.0027281825552509286,0.75,0.045,0.07,11310,41769,43701
21567,6036,3280,8468,2141,59000,20000000,130000,0.00738136679298443,0.75,0.045,0.07,10894,40030,40535
21567,4692,3416,6284,1460,59000,20000000,130000,0.12995149343859222,0.75,0.045,0.07,9971,34922,35096
21567,4982,3397,6891,1683,59000,20000000,130000,0.0520850061724844,0.75,0.045,0.07,10271,36248,36865
21567,4235,3486,5687,1229,59000,20000000,130000,0.5246331135813284,0.75,0.045,0.07,9856,33207,33533
21567,5775,4636,12006,5274,6000,20000000,130000,0.5246331135813284,0.75,0.045,0.07,13298,68559,71049
21567,5544,3264,7673,1830,59000,20000000,130000,0.01981333734650907,0.75,0.045,0.07,10598,37657,38343
21567,7767,2900,11404,3234,59000,20000000,130000,0.0010053760853966232,0.75,0.045,0.07,11696,45162,47850
21567,9166,2443,13193,3810,60000,20000000,130000,0.0003700923931708333,0.75,0.045,0.07,12322,45736,51088
21567,4194,3314,5730,1335,60000,20000000,130000,0.28876540577240617,0.75,0.045,0.07,9656,34133,33397
21567,6884,3049,9886,2608,60000,20000000,130000,0.0027281825552509286,0.75,0.045,0.07,11140,42698,43776
21567,6051,3168,8411,2109,60000,20000000,130000,0.00738136679298443,0.75,0.045,0.07,10636,39783,40267
21567,4678,3300,6395,1442,60000,20000000,130000,0.12995149343859222,0.75,0.045,0.07,9885,34851,34860
21567,5158,3459,7030,1600,60000,20000000,130000,0.0520850061724844,0.75,0.045,0.07,10388,35896,37264
21567,4286,3412,5771,1250,60000,20000000,130000,0.5246331135813284,0.75,0.045,0.07,9866,32706,33604
21567,5456,3335,7518,1872,60000,20000000,130000,0.01981333734650907,0.75,0.045,0.07,10517,37589,38329
21567,5246,3626,15327,8590,6000,20000000,130000,0.01981333734650907,0.75,0.045,0.07,11793,86442,88373
21567,7963,2835,11414,3281,60000,20000000,130000,0.0010053760853966232,0.75,0.045,0.07,11825,44301,47579
21567,9025,2378,13175,4003,61000,20000000,130000,0.0003700923931708333,0.75,0.045,0.07,12162,45968,51076
21567,4444,3430,5981,1311,61000,20000000,130000,0.28876540577240617,0.75,0.045,0.07,9805,33776,34387
21567,6844,2983,9739,2646,61000,20000000,130000,0.0027281825552509286,0.75,0.045,0.07,11312,41796,43798
21567,5937,3203,8369,2144,61000,20000000,130000,0.00738136679298443,0.75,0.045,0.07,10782,39330,40246
21567,4530,3338,6193,1411,61000,20000000,130000,0.12995149343859222,0.75,0.045,0.07,9826,34607,34556
21567,5175,3372,7091,1633,61000,20000000,130000,0.0520850061724844,0.75,0.045,0.07,10504,35519,37054
21567,4188,3456,5626,1207,61000,20000000,130000,0.5246331135813284,0.75,0.045,0.07,9857,33646,33230
21567,5456,3262,7464,1770,61000,20000000,130000,0.01981333734650907,0.75,0.045,0.07,10448,37158,38369
21567,7855,2888,11317,3214,61000,20000000,130000,0.0010053760853966232,0.75,0.045,0.07,12047,43677,47437
21567,3566,1604,19573,13883,6000,20000000,130000,0.0010053760853966232,0.75,0.045,0.07,7814,108113,111923
21567,9128,2494,13067,3818,62000,20000000,130000,0.0003700923931708333,0.75,0.045,0.07,12409,45268,50685
21567,4490,3385,6001,1278,62000,20000000,130000,0.28876540577240617,0.75,0.045,0.07,9604,34089,33681
21567,6920,3051,9792,2542,62000,20000000,130000,0.0027281825552509286,0.75,0.045,0.07,11220,41581,43761
21567,6045,3243,8505,2141,62000,20000000,130000,0.00738136679298443,0.75,0.045,0.07,10668,39110,40490
21567,4701,3488,6381,1477,62000,20000000,130000,0.12995149343859222,0.75,0.045,0.07,9897,35103,35227
21567,4947,3291,6784,1605,62000,20000000,130000,0.0520850061724844,0.75,0.045,0.07,10030,36423,36209
21567,4354,3337,5793,1249,62000,20000000,130000,0.5246331135813284,0.75,0.045,0.07,9688,33593,33032
21567,5468,3226,7568,1855,62000,20000000,130000,0.01981333734650907,0.75,0.045,0.07,10399,37613,38335
21567,7763,2840,11183,3184,62000,20000000,130000,0.0010053760853966232,0.75,0.045,0.07,11493,43777,46888
21567,9057,2223,11835,2664,63000,20000000,130000,0.0003700923931708333,0.75,0.045,0.07,10795,35617,41111
21567,3018,1069,20146,14775,7000,20000000,130000,0.0003700923931708333,0.75,0.045,0.07,7103,111738,114703
21567,2981,2115,3436,388,63000,20000000,130000,0.28876540577240617,0.75,0.045,0.07,6185,18220,18376
21567,6141,2453,7611,1335,63000,20000000,130000,0.0027281825552509286,0.75,0.045,0.07,8629,27709,30055
21567,5017,2351,6050,955,63000,20000000,130000,0.00738136679298443,0.75,0.045,0.07,7771,24404,25819
21567,3215,2169,3752,481,63000,20000000,130000,0.12995149343859222,0.75,0.045,0.07,6252,18853,19341
21567,3691,2279,4313,548,63000,20000000,130000,0.0520850061724844,0.75,0.045,0.07,6564,20666,21046
21567,2553,1940,2956,293,63000,20000000,130000,0.5246331135813284,0.75,0.045,0.07,5645,17049,16696
21567,4207,2268,5024,727,63000,20000000,130000,0.01981333734650907,0.75,0.045,0.07,7007,22158,22775
21567,7464,2408,9482,1952,63000,20000000,130000,0.0010053760853966232,0.75,0.045,0.07,9521,32082,35124
21567,9053,2195,11708,2671,64000,20000000,130000,0.0003700923931708333,0.75,0.045,0.07,10354,35060,40370
21567,2820,2069,3295,378,64000,20000000,130000,0.28876540577240617,0.75,0.045,0.07,5884,17948,18074
21567,5403,4228,12129,5712,7000,20000000,130000,0.28876540577240617,0.75,0.045,0.07,12695,72237,71651
21567,6026,2409,7511,1412,64000,20000000,130000,0.0027281825552509286,0.75,0.045,0.07,8595,27952,29992
21567,4999,2311,6043,886,64000,20000000,130000,0.00738136679298443,0.75,0.045,0.07,7546,24693,25273
21567,3105,2119,3630,445,64000,20000000,130000,0.12995149343859222,0.75,0.045,0.07,6085,18971,18810
21567,3554,2320,4153,508,64000,20000000,130000,0.0520850061724844,0.75,0.045,0.07,6687,19802,20850
21567,2581,2022,2936,340,64000,20000000,130000,0.5246331135813284,0.75,0.045,0.07,5673,17527,16978
21567,4090,2185,4884,719,64000,20000000,130000,0.01981333734650907,0.75,0.045,0.07,6927,21974,22419
21567,7557,2406,9573,1908,64000,20000000,130000,0.0010053760853966232,0.75,0.045,0.07,9452,31101,35147
21567,9022,2185,11672,2588,65000,20000000,130000,0.0003700923931708333,0.75,0.045,0.07,10542,34424,40435
21567,2843,2106,3304,377,65000,20000000,130000,0.28876540577240617,0.75,0.045,0.07,6122,18244,18255
21567,6222,2426,7719,1272,65000,20000000,130000,0.0027281825552509286,0.75,0.045,0.07,8539,27566,29915
21567,4612,2581,17883,11228,7000,20000000,130000,0.0027281825552509286,0.75,0.045,0.07,10168,97799,100381
21567,5030,2425,6116,905,65000,20000000,130000,0.00738136679298443,0.75,0.045,0.07,7597,24766,25679
21567,3225,2143,3784,470,65000,20000000,130000,0.12995149343859222,0.75,0.045,0.07,6165,19175,19232
21567,3621,2209,4177,556,65000,20000000,130000,0.0520850061724844,0.75,0.045,0.07,6870,19893,20620
21567,2687,2061,3078,354,65000,20000000,130000,0.5246331135813284,0.75,0.045,0.07,5862,17670,17411
21567,4111,2236,4928,630,65000,20000000,130000,0.01981333734650907,0.75,0.045,0.07,7084,21727,22483
21567,7431,2373,9361,1802,65000,20000000,130000,0.0010053760853966232,0.75,0.045,0.07,9190,31218,34126
21567,9103,2210,11679,2577,66000,20000000,130000,0.0003700923931708333,0.75,0.045,0.07,10465,34705,40232
21567,2820,2090,3273,382,66000,20000000,130000,0.28876540577240617,0.75,0.045,0.07,6139,17674,18029
21567,5931,2419,7363,1304,66000,20000000,130000,0.0027281825552509286,0.75,0.045,0.07,8467,27148,29298
21567,4912,2306,5962,953,66000,20000000,130000,0.00738136679298443,0.75,0.045,0.07,7392,24731,25332
21567,5174,3128,16370,9683,7000,20000000,130000,0.00738136679298443,0.75,0.045,0.07,11310,90445,92904
21567,3207,2150,3732,450,66000,20000000,130000,0.12995149343859222,0.75,0.045,0.07,6243,18672,19130
21567,3741,2192,4355,563,66000,20000000,130000,0.0520850061724844,0.75,0.045,0.07,6624,19893,20707
21567,2626,2027,3031,343,66000,20000000,130000,0.5246331135813284,0.75,0.045,0.07,5907,17369,17307
21567,4160,2246,4959,692,66000,20000000,130000,0.01981333734650907,0.75,0.045,0.07,7155,22093,22787
21567,7492,2312,9464,1795,66000,20000000,130000,0.0010053760853966232,0.75,0.045,0.07,9542,30702,34514
21567,9117,2117,11590,2538,67000,20000000,130000,0.0003700923931708333,0.75,0.045,0.07,10361,34297,39429
21567,2804,2025,3247,416,67000,20000000,130000,0.28876540577240617,0.75,0.045,0.07,6057,17852,18087
21567,6044,2423,7507,1300,67000,20000000,130000,0.0027281825552509286,0.75,0.045,0.07,8395,27066,29615
21567,5053,2329,6064,904,67000,20000000,130000,0.00738136679298443,0.75,0.045,0.07,7513,24407,25480
21567,3116,2121,3628,454,67000,20000000,130000,0.12995149343859222,0.75,0.045,0.07,6349,18755,18918
21567,5393,4107,12989,6414,7000,20000000,130000,0.12995149343859222,0.75,0.045,0.07,12585,75653,75592
21567,2541,1920,19122,14011,1000,20000000,130000,0.12995149343859222,0.75,0.045,0.07,5886,112779,114140
21567,3584,2210,4180,536,67000,20000000,130000,0.0520850061724844,0.75,0.045,0.07,6601,20702,20571
21567,2689,2024,3094,355,67000,20000000,130000,0.5246331135813284,0.75,0.045,0.07,5802,17119,17561
21567,4084,2183,4848,658,67000,20000000,130000,0.01981333734650907,0.75,0.045,0.07,6944,21780,22269
21567,7527,2320,9353,1820,67000,20000000,130000,0.0010053760853966232,0.75,0.045,0.07,9186,30483,34136
21567,9121,2165,11504,2462,68000,20000000,130000,0.0003700923931708333,0.75,0.045,0.07,10056,33457,38811
21567,2750,2132,3214,358,68000,20000000,130000,0.28876540577240617,0.75,0.045,0.07,5909,18144,17714
21567,6055,2277,7395,1250,68000,20000000,130000,0.0027281825552509286,0.75,0.045,0.07,8315,27193,28357
21567,5020,2252,6085,935,68000,20000000,130000,0.00738136679298443,0.75,0.045,0.07,7602,23963,25574
21567,3178,2079,3654,425,68000,20000000,130000,0.12995149343859222,0.75,0.045,0.07,6201,18676,18929
21567,3574,2213,4222,517,68000,20000000,130000,0.0520850061724844,0.75,0.045,0.07,6722,20288,20681
21567,5711,4185,13918,6923,7000,20000000,130000,0.0520850061724844,0.75,0.045,0.07,12784,78669,80393
21567,2657,2058,3053,348,68000,20000000,130000,0.5246331135813284,0.75,0.045,0.07,5977,17171,17243
21567,4203,2252,4993,622,68000,20000000,130000,0.01981333734650907,0.75,0.045,0.07,6981,21491,22401
21567,7451,2348,9280,1837,68000,20000000,130000,0.0010053760853966232,0.75,0.045,0.07,9309,30601,33648
21567,9067,2126,11510,2431,69000,20000000,130000,0.0003700923931708333,0.75,0.045,0.07,10224,33458,38631
21567,2876,2089,3292,374,69000,20000000,130000,0.28876540577240617,0.75,0.045,0.07,6007,17991,18092
21567,5933,2262,7294,1263,69000,20000000,130000,0.0027281825552509286,0.75,0.045,0.07,8010,27315,28399
21567,4951,2287,5957,883,69000,20000000,130000,0.00738136679298443,0.75,0.045,0.07,7419,24181,24608
21567,3125,2061,3651,489,69000,20000000,130000,0.12995149343859222,0.75,0.045,0.07,6194,19307,18689
21567,3564,2220,4207,564,69000,20000000,130000,0.0520850061724844,0.75,0.045,0.07,6423,20209,20489
21567,2589,2138,2984,329,69000,20000000,130000,0.5246331135813284,0.75,0.045,0.07,6011,17484,17485
21567,5575,4639,11469,5064,7000,20000000,130000,0.5246331135813284,0.75,0.045,0.07,13226,67991,69463
21567,4211,2248,4961,652,69000,20000000,130000,0.01981333734650907,0.75,0.045,0.07,6925,21701,22422
21567,7332,2327,9161,1761,69000,20000000,130000,0.0010053760853966232,0.75,0.045,0.07,8999,30229,33162
21567,9098,2159,11519,2323,70000,20000000,130000,0.0003700923931708333,0.75,0.045,0.07,10019,33192,38649
21567,2937,2104,3386,352,70000,20000000,130000,0.28876540577240617,0.75,0.045,0.07,6206,17565,18376
21567,6088,2287,7473,1259,70000,20000000,130000,0.0027281825552509286,0.75,0.045,0.07,8157,27192,28637
21567,4918,2290,5945,957,70000,20000000,130000,0.00738136679298443,0.75,0.045,0.07,7521,23912,25014
21567,3190,2120,3728,426,70000,20000000,130000,0.12995149343859222,0.75,0.045,0.07,6262,18855,19348
21567,3579,2269,4189,544,70000,20000000,130000,0.0520850061724844,0.75,0.045,0.07,6555,19750,20559
21567,2532,2003,2913,318,70000,20000000,130000,0.5246331135813284,0.75,0.045,0.07,5734,17220,17027
21567,4184,2262,4921,657,70000,20000000,130000,0.01981333734650907,0.75,0.045,0.07,6969,21642,22159
21567,5515,3703,14908,7945,7000,20000000,130000,0.01981333734650907,0.75,0.045,0.07,12015,83009,85221
21567,7363,2263,9295,1738,70000,20000000,130000,0.0010053760853966232,0.75,0.045,0.07,9013,30436,33273
21567,8994,2049,11307,2325,71000,20000000,130000,0.0003700923931708333,0.75,0.045,0.07,10078,33326,37938
21567,2794,1928,3217,334,71000,20000000,130000,0.28876540577240617,0.75,0.045,0.07,5813,17991,17562
21567,5987,2385,7313,1184,71000,20000000,130000,0.0027281825552509286,0.75,0.045,0.07,8324,26427,28477
21567,4969,2262,5968,908,71000,20000000,130000,0.00738136679298443,0.75,0.045,0.07,7376,24094,24814
21567,3089,2181,3594,446,71000,20000000,130000,0.12995149343859222,0.75,0.045,0.07,6211,19023,18792
21567,3611,2144,4192,530,71000,20000000,130000,0.0520850061724844,0.75,0.045,0.07,6699,19955,20520
21567,2524,1944,2915,337,71000,20000000,130000,0.5246331135813284,0.75,0.045,0.07,5700,17291,16661
21567,4087,2258,4849,663,71000,20000000,130000,0.01981333734650907,0.75,0.045,0.07,6786,21407,22070
21567,7369,2183,9171,1670,71000,20000000,130000,0.0010053760853966232,0.75,0.045,0.07,9259,30003,32710
21567,3741,1730,19089,13022,7000,20000000,130000,0.0010053760853966232,0.75,0.045,0.07,8438,105292,107182
21567,9095,2086,11534,2437,72000,20000000,130000,0.0003700923931708333,0.75,0.045,0.07,10166,32450,38265
21567,2876,2039,3302,379,72000,20000000,130000,0.28876540577240617,0.75,0.045,0.07,5863,17701,17825
21567,5985,2210,7293,1246,72000,20000000,130000,0.0027281825552509286,0.75,0.045,0.07,8135,26581,28415
21567,4879,2233,5830,900,72000,20000000,130000,0.00738136679298443,0.75,0.045,0.07,7601,23702,24754
21567,3169,2088,3636,426,72000,20000000,130000,0.12995149343859222,0.75,0.045,0.07,6045,18963,18696
21567,3561,2068,4150,541,72000,20000000,130000,0.0520850061724844,0.75,0.045,0.07,6473,20077,20012
21567,2547,1901,2940,355,72000,20000000,130000,0.5246331135813284,0.75,0.045,0.07,5802,17140,16935
21567,4148,2213,4938,677,72000,20000000,130000,0.01981333734650907,0.75,0.045,0.07,6857,21203,22158
21567,7489,2310,9304,1705,72000,20000000,130000,0.0010053760853966232,0.75,0.045,0.07,9191,29883,33397
21567,8874,2007,11231,2312,73000,20000000,130000,0.0003700923931708333,0.75,0.045,0.07,9693,32704,37059
21567,3869,1347,19807,13841,8000,20000000,130000,0.0003700923931708333,0.75,0.045,0.07,8101,106853,110501
21567,2872,2067,3311,376,73000,20000000,130000,0.28876540577240617,0.75,0.045,0.07,5969,18052,18078
21567,5895,2356,7236,1232,73000,20000000,130000,0.0027281825552509286,0.75,0.045,0.07,8182,26374,28445
21567,4975,2353,5999,877,73000,20000000,130000,0.00738136679298443,0.75,0.045,0.07,7700,23695,25327
21567,3151,2072,3633,422,73000,20000000,130000,0.12995149343859222,0.75,0.045,0.07,6149,18301,18675
21567,3500,2207,4098,570,73000,20000000,130000,0.0520850061724844,0.75,0.045,0.07,6517,19438,20272
21567,2659,2050,3026,318,73000,20000000,130000,0.5246331135813284,0.75,0.045,0.07,5907,17171,17336
21567,4126,2227,4874,650,73000,20000000,130000,0.01981333734650907,0.75,0.045,0.07,6902,21600,22231
21567,7250,2163,9025,1715,73000,20000000,130000,0.0010053760853966232,0.75,0.045,0.07,8886,29742,32136
21567,8969,2031,11254,2179,74000,20000000,130000,0.0003700923931708333,0.75,0.045,0.07,9681,31740,36696
21567,2848,2012,3314,363,74000,20000000,130000,0.28876540577240617,0.75,0.045,0.07,5873,17823,17838
21567,5396,4280,11751,5498,8000,20000000,130000,0.28876540577240617,0.75,0.045,0.07,12559,70801,69950
21567,6040,2274,7265,1168,74000,20000000,130000,0.0027281825552509286,0.75,0.045,0.07,8158,26125,27964
21567,5024,2221,6034,838,74000,20000000,130000,0.00738136679298443,0.75,0.045,0.07,7469,23130,24926
21567,3060,2026,3590,464,74000,20000000,130000,0.12995149343859222,0.75,0.045,0.07,6154,18850,18503
21567,3496,2183,4103,579,74000,20000000,130000,0.0520850061724844,0.75,0.045,0.07,6449,20058,20153
21567,2583,2085,2986,332,74000,20000000,130000,0.5246331135813284,0.75,0.045,0.07,5912,17347,17045
21567,4024,2186,4772,653,74000,20000000,130000,0.01981333734650907,0.75,0.045,0.07,6744,21485,21698
21567,7266,2201,9034,1629,74000,20000000,130000,0.0010053760853966232,0.75,0.045,0.07,8753,29427,32429
21567,8981,2129,11173,2212,75000,20000000,130000,0.0003700923931708333,0.75,0.045,0.07,9786,31515,36675
21567,2846,2073,3317,390,75000,20000000,130000,0.28876540577240617,0.75,0.045,0.07,6061,18080,18204
21567,6134,2253,7458,1193,75000,20000000,130000,0.0027281825552509286,0.75,0.045,0.07,8152,26397,28235
21567,4938,2647,17414,10793,8000,20000000,130000,0.0027281825552509286,0.75,0.045,0.07,10489,94542,97175
21567,4892,2252,5875,892,75000,20000000,130000,0.00738136679298443,0.75,0.045,0.07,7397,23519,24742
21567,3167,2144,3670,461,75000,20000000,130000,0.12995149343859222,0.75,0.045,0.07,6151,18787,19226
21567,3631,2238,4222,515,75000,20000000,130000,0.0520850061724844,0.75,0.045,0.07,6557,19591,20474
21567,2687,2031,3083,333,75000,20000000,130000,0.5246331135813284,0.75,0.045,0.07,5993,16799,17514
21567,4140,2175,4879,642,75000,20000000,130000,0.01981333734650907,0.75,0.045,0.07,6830,21017,21839
21567,7390,2288,9064,1634,75000,20000000,130000,0.0010053760853966232,0.75,0.045,0.07,8946,29321,32399
21567,8969,1979,11156,2085,76000,20000000,130000,0.0003700923931708333,0.75,0.045,0.07,9494,31466,36227
21567,2915,2094,3339,362,76000,20000000,130000,0.28876540577240617,0.75,0.045,0.07,5946,17688,18131
21567,6069,2250,7340,1197,76000,20000000,130000,0.0027281825552509286,0.75,0.045,0.07,8116,26019,28153
21567,4847,2285,5808,850,76000,20000000,130000,0.00738136679298443,0.75,0.045,0.07,7454,23534,24482
21567,5355,3284,15765,8894,8000,20000000,130000,0.00738136679298443,0.75,0.045,0.07,11405,87917,88591
21567,3155,2135,3648,426,76000,20000000,130000,0.12995149343859222,0.75,0.045,0.07,6065,18770,18491
21567,3631,2155,4209,525,76000,20000000,130000,0.0520850061724844,0.75,0.045,0.07,6508,20123,20580
21567,2391,2009,2770,337,76000,20000000,130000,0.5246331135813284,0.75,0.045,0.07,5724,17178,16487
21567,4107,2211,4790,661,76000,20000000,130000,0.01981333734650907,0.75,0.045,0.07,6961,20845,22184
21567,7330,2240,9060,1650,76000,20000000,130000,0.0010053760853966232,0.75,0.045,0.07,8737,28697,31995
21567,8983,2090,11110,2130,77000,20000000,130000,0.0003700923931708333,0.75,0.045,0.07,9481,30825,36483
21567,2839,2114,3304,373,77000,20000000,130000,0.28876540577240617,0.75,0.045,0.07,5996,17846,17837
21567,5964,2171,7279,1189,77000,20000000,130000,0.0027281825552509286,0.75,0.045,0.07,7972,26145,27433
21567,4780,2155,5717,817,77000,20000000,130000,0.00738136679298443,0.75,0.045,0.07,7332,22805,23746
21567,3032,2054,3529,442,77000,20000000,130000,0.12995149343859222,0.75,0.045,0.07,5883,19253,18360
21567,5673,4374,12671,5796,8000,20000000,130000,0.12995149343859222,0.75,0.045,0.07,13138,73023,73492
21567,3417,2121,4008,497,77000,20000000,130000,0.0520850061724844,0.75,0.045,0.07,6373,20004,19546
21567,2420,1995,2817,335,77000,20000000,130000,0.5246331135813284,0.75,0.045,0.07,5655,16983,16762
21567,4021,2205,4694,641,77000,20000000,130000,0.01981333734650907,0.75,0.045,0.07,6934,21123,21491
21567,7244,2158,8904,1641,77000,20000000,130000,0.0010053760853966232,0.75,0.045,0.07,8857,28856,31191
21567,8979,2023,11147,2196,78000,20000000,130000,0.0003700923931708333,0.75,0.045,0.07,9524,30908,36296
21567,2926,2040,3358,381,78000,20000000,130000,0.28876540577240617,0.75,0.045,0.07,5838,17747,17842
21567,6068,2257,7307,1158,78000,20000000,130000,0.0027281825552509286,0.75,0.045,0.07,7883,25343,27742
21567,4863,2226,5828,822,78000,20000000,130000,0.00738136679298443,0.75,0.045,0.07,7267,23481,24191
21567,3068,2092,3572,447,78000,20000000,130000,0.12995149343859222,0.75,0.045,0.07,6164,18647,18558
21567,3498,2214,4064,488,78000,20000000,130000,0.0520850061724844,0.75,0.045,0.07,6436,19169,19892
21567,5586,4120,13296,6485,8000,20000000,130000,0.0520850061724844,0.75,0.045,0.07,12705,75927,76977
21567,1168,875,20239,15981,1000,20000000,130000,0.0520850061724844,0.75,0.045,0.07,2796,122794,121141
21567,2569,1943,2925,329,78000,20000000,130000,0.5246331135813284,0.75,0.045,0.07,5744,17063,16639
21567,4153,2225,4862,691,78000,20000000,130000,0.01981333734650907,0.75,0.045,0.07,6873,21117,22021
21567,7265,2158,8940,1647,78000,20000000,130000,0.0010053760853966232,0.75,0.045,0.07,8750,28437,31545
21567,8952,1951,11031,2150,79000,20000000,130000,0.0003700923931708333,0.75,0.045,0.07,9432,30520,35566
21567,2920,2051,3338,354,79000,20000000,130000,0.28876540577240617,0.75,0.045,0.07,6038,17628,17991
21567,5870,2282,7048,1092,79000,20000000,130000,0.0027281825552509286,0.75,0.045,0.07,7839,25334,27043
21567,4782,2249,5769,856,79000,20000000,130000,0.00738136679298443,0.75,0.045,0.07,7328,22525,23889
21567,3029,2089,3513,448,79000,20000000,130000,0.12995149343859222,0.75,0.045,0.07,6080,18778,18335
21567,3492,2169,4084,494,79000,20000000,130000,0.0520850061724844,0.75,0.045,0.07,6526,19726,20131
21567,2618,2090,2999,333,79000,20000000,130000,0.5246331135813284,0.75,0.045,0.07,5818,17005,17030
21567,5670,4517,11631,5134,8000,20000000,130000,0.5246331135813284,0.75,0.045,0.07,13148,67453,68887
21567,4087,2137,4797,640,79000,20000000,130000,0.01981333734650907,0.75,0.045,0.07,6614,21031,21434
21567,7285,2107,8854,1513,79000,20000000,130000,0.0010053760853966232,0.75,0.045,0.07,8476,28174,30829
21567,8936,1957,11046,2136,80000,20000000,130000,0.0003700923931708333,0.75,0.045,0.07,9500,30331,35750
21567,2908,2032,3355,346,80000,20000000,130000,0.28876540577240617,0.75,0.045,0.07,5934,17316,17763
21567,5857,2152,7078,1115,80000,20000000,130000,0.0027281825552509286,0.75,0.045,0.07,7730,25487,26688
21567,4817,2161,5708,838,80000,20000000,130000,0.00738136679298443,0.75,0.045,0.07,7346,23058,23923
21567,3081,2114,3612,425,80000,20000000,130000,0.12995149343859222,0.75,0.045,0.07,5991,18605,18723
21567,3483,2099,4076,480,80000,20000000,130000,0.0520850061724844,0.75,0.045,0.07,6458,19627,19930
21567,2570,1956,2948,315,80000,20000000,130000,0.5246331135813284,0.75,0.045,0.07,5734,16774,16923
21567,4140,2194,4892,692,80000,20000000,130000,0.01981333734650907,0.75,0.045,0.07,6621,21129,21970
21567,5544,3739,14520,7576,8000,20000000,130000,0.01981333734650907,0.75,0.045,0.07,12205,82473,82388
21567,7173,2126,8757,1523,80000,20000000,130000,0.0010053760853966232,0.75,0.045,0.07,8497,28051,30923
21567,8893,1956,10932,2062,81000,20000000,130000,0.0003700923931708333,0.75,0.045,0.07,9211,30214,35047
21567,2762,2112,3173,385,81000,20000000,130000,0.28876540577240617,0.75,0.045,0.07,5860,17761,17897
21567,5954,2306,7245,1160,81000,20000000,130000,0.0027281825552509286,0.75,0.045,0.07,8030,25678,27414
21567,4765,2086,5716,853,81000,20000000,130000,0.00738136679298443,0.75,0.045,0.07,7267,23168,23759
21567,3018,2090,3504,412,81000,20000000,130000,0.12995149343859222,0.75,0.045,0.07,6250,18460,18324
21567,3584,2161,4183,490,81000,20000000,130000,0.0520850061724844,0.75,0.045,0.07,6482,19466,19917
21567,2496,2104,2905,292,81000,20000000,130000,0.5246331135813284,0.75,0.045,0.07,5670,17009,16928
21567,3979,2175,4660,659,81000,20000000,130000,0.01981333734650907,0.75,0.045,0.07,6767,20643,21422
21567,7186,2249,8715,1485,81000,20000000,130000,0.0010053760853966232,0.75,0.045,0.07,8715,27522,30827
21567,4271,1934,18561,12201,8000,20000000,130000,0.0010053760853966232,0.75,0.045,0.07,9075,101445,103400
21567,8858,1935,10880,1943,82000,20000000,130000,0.0003700923931708333,0.75,0.045,0.07,9065,30183,34343
21567,2821,1963,3244,343,82000,20000000,130000,0.28876540577240617,0.75,0.045,0.07,5883,17879,17067
21567,5921,2212,7079,1070,82000,20000000,130000,0.0027281825552509286,0.75,0.045,0.07,7836,24941,27050
21567,4997,2228,5906,810,82000,20000000,130000,0.00738136679298443,0.75,0.045,0.07,7220,22562,23944
21567,3086,2080,3521,398,82000,20000000,130000,0.12995149343859222,0.75,0.045,0.07,6160,18230,18458
21567,3434,2213,3975,517,82000,20000000,130000,0.0520850061724844,0.75,0.045,0.07,6211,19139,19713
21567,2556,1930,2924,319,82000,20000000,130000,0.5246331135813284,0.75,0.045,0.07,5578,16759,16873
21567,3978,2101,4659,664,82000,20000000,130000,0.01981333734650907,0.75,0.045,0.07,6809,20675,21423
21567,7226,2159,8813,1452,82000,20000000,130000,0.0010053760853966232,0.75,0.045,0.07,8711,27647,30830
21567,8913,2022,10892,2088,83000,20000000,130000,0.0003700923931708333,0.75,0.045,0.07,9181,30034,35082
21567,4289,1587,19414,13066,9000,20000000,130000,0.0003700923931708333,0.75,0.045,0.07,9342,103296,106817
21567,2856,2035,3289,364,83000,20000000,130000,0.28876540577240617,0.75,0.045,0.07,5954,17550,17636
21567,5735,2166,6912,1099,83000,20000000,130000,0.0027281825552509286,0.75,0.045,0.07,7665,24949,26659
21567,4766,2174,5697,837,83000,20000000,130000,0.00738136679298443,0.75,0.045,0.07,7122,22669,23892
21567,3101,2127,3581,443,83000,20000000,130000,0.12995149343859222,0.75,0.045,0.07,6147,18280,18776
21567,3459,2161,4085,501,83000,20000000,130000,0.0520850061724844,0.75,0.045,0.07,6321,19498,19929
21567,2656,2005,3050,337,83000,20000000,130000,0.5246331135813284,0.75,0.045,0.07,5749,16948,17109
21567,3996,2129,4719,640,83000,20000000,130000,0.01981333734650907,0.75,0.045,0.07,6563,20877,21432
21567,7169,2208,8842,1440,83000,20000000,130000,0.0010053760853966232,0.75,0.045,0.07,8447,27767,30639
21567,8813,1970,10766,1863,84000,20000000,130000,0.0003700923931708333,0.75,0.045,0.07,9109,29514,34077
21567,2818,1967,3267,391,84000,20000000,130000,0.28876540577240617,0.75,0.045,0.07,6062,17825,17838
21567,5395,4275,11800,5565,9000,20000000,130000,0.28876540577240617,0.75,0.045,0.07,12733,71030,70231
21567,5944,2184,7104,1056,84000,20000000,130000,0.0027281825552509286,0.75,0.045,0.07,7736,25059,26747
21567,4755,2223,5630,829,84000,20000000,130000,0.00738136679298443,0.75,0.045,0.07,7167,22602,23862
21567,3092,2125,3585,432,84000,20000000,130000,0.12995149343859222,0.75,0.045,0.07,6113,18403,18860
21567,3481,2045,4034,508,84000,20000000,130000,0.0520850061724844,0.75,0.045,0.07,6229,19190,19382
21567,2586,2063,2978,349,84000,20000000,130000,0.5246331135813284,0.75,0.045,0.07,5767,16910,16779
21567,3997,2077,4675,652,84000,20000000,130000,0.01981333734650907,0.75,0.045,0.07,6685,20405,21212
21567,7083,2178,8662,1499,84000,20000000,130000,0.0010053760853966232,0.75,0.045,0.07,8255,27348,29970
21567,8697,1914,10760,2038,85000,20000000,130000,0.0003700923931708333,0.75,0.045,0.07,9024,29703,34098
21567,2853,2114,3274,353,85000,20000000,130000,0.28876540577240617,0.75,0.045,0.07,6018,17678,17883
21567,5896,2127,7059,1026,85000,20000000,130000,0.0027281825552509286,0.75,0.045,0.07,7784,24638,26345
21567,5114,2738,16981,10176,9000,20000000,130000,0.0027281825552509286,0.75,0.045,0.07,10903,92607,94190
21567,4914,2161,5791,855,85000,20000000,130000,0.00738136679298443,0.75,0.045,0.07,7164,22403,23656
21567,3160,2043,3657,425,85000,20000000,130000,0.12995149343859222,0.75,0.045,0.07,6125,18213,18486
21567,3417,2141,4004,508,85000,20000000,130000,0.0520850061724844,0.75,0.045,0.07,6361,19792,19775
21567,2468,2042,2875,326,85000,20000000,130000,0.5246331135813284,0.75,0.045,0.07,5587,17059,16888
21567,4057,2173,4770,631,85000,20000000,130000,0.01981333734650907,0.75,0.045,0.07,6546,21010,21577
21567,7288,2024,8737,1454,85000,20000000,130000,0.0010053760853966232,0.75,0.045,0.07,8143,27286,29948
21567,8826,1981,10730,1900,86000,20000000,130000,0.0003700923931708333,0.75,0.045,0.07,9030,29224,34005
21567,2729,2039,3159,365,86000,20000000,130000,0.28876540577240617,0.75,0.045,0.07,5884,17612,17711
21567,5893,2216,7076,1099,86000,20000000,130000,0.0027281825552509286,0.75,0.045,0.07,7733,24244,26844
21567,4742,2113,5615,790,86000,20000000,130000,0.00738136679298443,0.75,0.045,0.07,7057,22154,23188
21567,5409,3254,15592,8711,9000,20000000,130000,0.00738136679298443,0.75,0.045,0.07,11322,86629,86801
21567,3091,2105,3584,417,86000,20000000,130000,0.12995149343859222,0.75,0.045,0.07,6074,18404,18407
21567,3557,2174,4127,515,86000,20000000,130000,0.0520850061724844,0.75,0.045,0.07,6347,19143,20069
21567,2543,2071,2956,323,86000,20000000,130000,0.5246331135813284,0.75,0.045,0.07,5676,16837,16882
21567,4046,2215,4714,655,86000,20000000,130000,0.01981333734650907,0.75,0.045,0.07,6830,20477,21388
21567,7096,2061,8717,1421,86000,20000000,130000,0.0010053760853966232,0.75,0.045,0.07,8364,26950,29703
21567,8957,1922,10805,1964,87000,20000000,130000,0.0003700923931708333,0.75,0.045,0.07,9028,29003,34271
21567,2855,2104,3257,380,87000,20000000,130000,0.28876540577240617,0.75,0.045,0.07,6045,17498,17826
21567,5850,2131,6993,1109,87000,20000000,130000,0.0027281825552509286,0.75,0.045,0.07,7489,24398,26253
21567,4827,2073,5689,797,87000,20000000,130000,0.00738136679298443,0.75,0.045,0.07,6905,22530,23255
21567,3018,2013,3525,448,87000,20000000,130000,0.12995149343859222,0.75,0.045,0.07,6033,18532,18195
21567,5623,4223,12662,5851,9000,20000000,130000,0.12995149343859222,0.75,0.045,0.07,12618,72103,73148
21567,3529,2112,4135,486,87000,20000000,130000,0.0520850061724844,0.75,0.045,0.07,6356,18942,19429
21567,2601,2035,2984,371,87000,20000000,130000,0.5246331135813284,0.75,0.045,0.07,5759,17322,17286
21567,4013,2166,4691,625,87000,20000000,130000,0.01981333734650907,0.75,0.045,0.07,6685,20547,20958
21567,7129,2040,8664,1456,87000,20000000,130000,0.0010053760853966232,0.75,0.045,0.07,8048,27566,29657
21567,8776,1936,10688,1950,88000,20000000,130000,0.0003700923931708333,0.75,0.045,0.07,9192,29118,33646
21567,2842,2130,3286,363,88000,20000000,130000,0.28876540577240617,0.75,0.045,0.07,5920,17249,17835
21567,5923,2131,7048,1031,88000,20000000,130000,0.0027281825552509286,0.75,0.045,0.07,7588,24546,26281
21567,4722,2111,5592,834,88000,20000000,130000,0.00738136679298443,0.75,0.045,0.07,6925,22322,23392
21567,3030,2100,3500,425,88000,20000000,130000,0.12995149343859222,0.75,0.045,0.07,6106,18405,18437
21567,3476,2063,4056,487,88000,20000000,130000,0.0520850061724844,0.75,0.045,0.07,6389,18779,19740
21567,5589,3934,13277,6526,9000,20000000,130000,0.0520850061724844,0.75,0.045,0.07,12365,76361,75926
21567,2539,2099,2917,319,88000,20000000,130000,0.5246331135813284,0.75,0.045,0.07,5884,16883,16908
21567,3968,2192,4654,657,88000,20000000,130000,0.01981333734650907,0.75,0.045,0.07,6604,20618,21209
21567,7152,2101,8648,1417,88000,20000000,130000,0.0010053760853966232,0.75,0.045,0.07,8113,27031,29658
21567,8755,1912,10707,1851,89000,20000000,130000,0.0003700923931708333,0.75,0.045,0.07,8813,29015,32992
21567,2740,2065,3135,368,89000,20000000,130000,0.28876540577240617,0.75,0.045,0.07,5881,17634,17428
21567,5870,2062,6997,1058,89000,20000000,130000,0.0027281825552509286,0.75,0.045,0.07,7542,24306,26152
21567,4771,2235,5615,793,89000,20000000,130000,0.00738136679298443,0.75,0.045,0.07,7065,21887,23449
21567,3081,2131,3595,430,89000,20000000,130000,0.12995149343859222,0.75,0.045,0.07,6105,18419,18535
21567,3379,1993,3918,502,89000,20000000,130000,0.0520850061724844,0.75,0.045,0.07,6327,19138,19108
21567,2510,1965,2892,334,89000,20000000,130000,0.5246331135813284,0.75,0.045,0.07,5697,17050,16805
21567,5342,4342,11275,5011,9000,20000000,130000,0.5246331135813284,0.75,0.045,0.07,12524,68299,67184
21567,5270,4312,14802,8263,1000,20000000,130000,0.5246331135813284,0.75,0.045,0.07,12591,84742,89263
21567,4112,2100,4803,588,89000,20000000,130000,0.01981333734650907,0.75,0.045,0.07,6613,20147,21005
21567,7268,2022,8725,1459,89000,20000000,130000,0.0010053760853966232,0.75,0.045,0.07,8166,26782,30084
21567,8886,1910,10748,1925,90000,20000000,130000,0.0003700923931708333,0.75,0.045,0.07,8980,28575,33531
21567,2871,2067,3311,364,90000,20000000,130000,0.28876540577240617,0.75,0.045,0.07,6052,17280,17730
21567,5764,2056,6883,1044,90000,20000000,130000,0.0027281825552509286,0.75,0.045,0.07,7560,24107,25983
21567,4639,2062,5526,773,90000,20000000,130000,0.00738136679298443,0.75,0.045,0.07,6897,22326,22818
21567,3080,2126,3562,437,90000,20000000,130000,0.12995149343859222,0.75,0.045,0.07,6128,18155,18473
21567,3435,2082,3992,477,90000,20000000,130000,0.0520850061724844,0.75,0.045,0.07,6240,19309,19285
21567,2614,2026,3017,341,90000,20000000,130000,0.5246331135813284,0.75,0.045,0.07,5840,16969,16923
21567,4002,2136,4708,571,90000,20000000,130000,0.01981333734650907,0.75,0.045,0.07,6638,20422,21009
21567,5289,3651,14202,7655,9000,20000000,130000,0.01981333734650907,0.75,0.045,0.07,11787,81103,80977
21567,7203,2070,8726,1459,90000,20000000,130000,0.0010053760853966232,0.75,0.045,0.07,8222,26623,29663
21567,8889,1954,10832,1862,91000,20000000,130000,0.0003700923931708333,0.75,0.045,0.07,8810,28438,33607
21567,2777,1999,3223,404,91000,20000000,130000,0.28876540577240617,0.75,0.045,0.07,6051,17245,17635
21567,5783,2107,6850,1022,91000,20000000,130000,0.0027281825552509286,0.75,0.045,0.07,7529,23756,25855
21567,4821,2100,5615,778,91000,20000000,130000,0.00738136679298443,0.75,0.045,0.07,6935,21892,22910
21567,3066,2014,3547,442,91000,20000000,130000,0.12995149343859222,0.75,0.045,0.07,6049,18094,18451
21567,3481,2113,4067,491,91000,20000000,130000,0.0520850061724844,0.75,0.045,0.07,6362,19203,19824
21567,2536,2031,2942,307,91000,20000000,130000,0.5246331135813284,0.75,0.045,0.07,5843,16902,16994
21567,3979,2097,4710,597,91000,20000000,130000,0.01981333734650907,0.75,0.045,0.07,6628,20187,21055
21567,7143,2016,8544,1420,91000,20000000,130000,0.0010053760853966232,0.75,0.045,0.07,8271,26698,29201
21567,4810,2190,18423,11700,9000,20000000,130000,0.0010053760853966232,0.75,0.045,0.07,10295,98097,101511
21567,8752,1885,10540,1870,92000,20000000,130000,0.0003700923931708333,0.75,0.045,0.07,8797,28490,33009
21567,2845,2112,3278,384,92000,20000000,130000,0.28876540577240617,0.75,0.045,0.07,5984,17499,17789
21567,5747,2114,6896,1072,92000,20000000,130000,0.0027281825552509286,0.75,0.045,0.07,7428,24494,26174
21567,4815,2144,5647,795,92000,20000000,130000,0.00738136679298443,0.75,0.045,0.07,7184,21837,23240
21567,2989,2075,3470,440,92000,20000000,130000,0.12995149343859222,0.75,0.045,0.07,6152,18029,18370
21567,3568,2059,4103,511,92000,20000000,130000,0.0520850061724844,0.75,0.045,0.07,6424,19072,19625
21567,2637,1984,3013,313,92000,20000000,130000,0.5246331135813284,0.75,0.045,0.07,5786,16880,16930
21567,3941,2019,4636,603,92000,20000000,130000,0.01981333734650907,0.75,0.045,0.07,6508,20392,20661
21567,7088,2052,8571,1393,92000,20000000,130000,0.0010053760853966232,0.75,0.045,0.07,8090,26476,29158
21567,8713,1956,10580,1837,93000,20000000,130000,0.0003700923931708333,0.75,0.045,0.07,8597,27814,32837
21567,4559,1614,19081,12593,10000,20000000,130000,0.0003700923931708333,0.75,0.045,0.07,9637,100833,104179
21567,2797,2010,3237,347,93000,20000000,130000,0.28876540577240617,0.75,0.045,0.07,5835,17532,17369
21567,5904,2179,6986,971,93000,20000000,130000,0.0027281825552509286,0.75,0.045,0.07,7528,24174,26352
21567,4562,2090,5398,753,93000,20000000,130000,0.00738136679298443,0.75,0.045,0.07,6985,22129,22637
21567,3092,2070,3606,403,93000,20000000,130000,0.12995149343859222,0.75,0.045,0.07,6077,18316,18465
21567,3342,2073,3895,476,93000,20000000,130000,0.0520850061724844,0.75,0.045,0.07,6040,19259,18956
21567,2579,1949,2987,356,93000,20000000,130000,0.5246331135813284,0.75,0.045,0.07,5724,16837,16743
21567,3932,2108,4616,657,93000,20000000,130000,0.01981333734650907,0.75,0.045,0.07,6557,20643,20768
21567,7171,2117,8716,1409,93000,20000000,130000,0.0010053760853966232,0.75,0.045,0.07,8058,26201,29553
21567,8407,1574,9638,1292,94000,20000000,130000,0.0003700923931708333,0.75,0.045,0.07,6976,22173,26698
21567,1687,1154,1823,93,94000,20000000,130000,0.28876540577240617,0.75,0.045,0.07,3283,9386,9053
21567,5536,4291,11789,5405,10000,20000000,130000,0.28876540577240617,0.75,0.045,0.07,12756,70348,69609
21567,4826,1585,5375,485,94000,20000000,130000,0.0027281825552509286,0.75,0.045,0.07,5177,16040,17651
21567,3800,1498,4155,333,94000,20000000,130000,0.00738136679298443,0.75,0.045,0.07,4609,13724,14775
21567,1896,1134,2035,130,94000,20000000,130000,0.12995149343859222,0.75,0.045,0.07,3436,10011,9893
21567,2347,1262,2569,197,94000,20000000,130000,0.0520850061724844,0.75,0.045,0.07,3827,11052,11184
21567,1482,1094,1581,84,94000,20000000,130000,0.5246331135813284,0.75,0.045,0.07,3184,8635,8619
21567,2845,1307,3120,233,94000,20000000,130000,0.01981333734650907,0.75,0.045,0.07,3979,12140,12409
21567,6478,1578,7338,836,94000,20000000,130000,0.0010053760853966232,0.75,0.045,0.07,6130,18875,21826
21567,8338,1540,9570,1284,95000,20000000,130000,0.0003700923931708333,0.75,0.045,0.07,7032,21799,26589
21567,1618,1085,1719,105,95000,20000000,130000,0.28876540577240617,0.75,0.045,0.07,3200,9355,9072
21567,4929,1535,5470,532,95000,20000000,130000,0.0027281825552509286,0.75,0.045,0.07,5251,16188,18003
21567,5415,2915,16801,9813,10000,20000000,130000,0.0027281825552509286,0.75,0.045,0.07,11474,89863,92372
21567,3857,1471,4212,356,95000,20000000,130000,0.00738136679298443,0.75,0.045,0.07,4537,13725,15092
21567,1939,1168,2109,122,95000,20000000,130000,0.12995149343859222,0.75,0.045,0.07,3321,9763,9720
21567,2407,1277,2612,165,95000,20000000,130000,0.0520850061724844,0.75,0.045,0.07,3760,10746,11274
21567,1527,1073,1634,104,95000,20000000,130000,0.5246331135813284,0.75,0.045,0.07,3170,8690,8733
21567,2922,1319,3202,242,95000,20000000,130000,0.01981333734650907,0.75,0.045,0.07,4057,11961,12425
21567,6406,1538,7263,813,95000,20000000,130000,0.0010053760853966232,0.75,0.045,0.07,6170,19117,21774
21567,8488,1523,9641,1217,96000,20000000,130000,0.0003700923931708333,0.75,0.045,0.07,6883,21994,26326
21567,1618,1115,1749,113,96000,20000000,130000,0.28876540577240617,0.75,0.045,0.07,3317,9195,9000
21567,4747,1446,5307,557,96000,20000000,130000,0.0027281825552509286,0.75,0.045,0.07,5090,16405,17275
21567,3735,1456,4105,336,96000,20000000,130000,0.00738136679298443,0.75,0.045,0.07,4449,13796,14542
21567,5428,3236,15275,8344,10000,20000000,130000,0.00738136679298443,0.75,0.045,0.07,11614,85646,84800
21567,1955,1183,2125,141,96000,20000000,130000,0.12995149343859222,0.75,0.045,0.07,3502,9836,10079
21567,2288,1236,2491,176,96000,20000000,130000,0.0520850061724844,0.75,0.045,0.07,3749,10897,10911
21567,1512,1066,1601,93,96000,20000000,130000,0.5246331135813284,0.75,0.045,0.07,3213,8942,8807
21567,2888,1384,3169,257,96000,20000000,130000,0.01981333734650907,0.75,0.045,0.07,4040,12006,12629
21567,6458,1565,7238,813,96000,20000000,130000,0.0010053760853966232,0.75,0.045,0.07,6013,18741,21380
21567,8308,1528,9452,1201,97000,20000000,130000,0.0003700923931708333,0.75,0.045,0.07,6676,21615,25594
21567,1699,1130,1831,107,97000,20000000,130000,0.28876540577240617,0.75,0.045,0.07,3259,9507,9327
21567,4975,1509,5550,574,97000,20000000,130000,0.0027281825552509286,0.75,0.045,0.07,5160,16412,17818
21567,3724,1353,4124,365,97000,20000000,130000,0.00738136679298443,0.75,0.045,0.07,4632,13697,14676
21567,1991,1207,2148,124,97000,20000000,130000,0.12995149343859222,0.75,0.045,0.07,3529,10041,10006
21567,5624,4218,12215,5476,10000,20000000,130000,0.12995149343859222,0.75,0.045,0.07,12677,70653,70388
21567,2350,1181,2551,197,97000,20000000,130000,0.0520850061724844,0.75,0.045,0.07,3636,10756,11021
21567,1457,1129,1537,108,97000,20000000,130000,0.5246331135813284,0.75,0.045,0.07,3180,8956,8765
21567,2899,1289,3169,230,97000,20000000,130000,0.01981333734650907,0.75,0.045,0.07,4023,11715,12260
21567,6419,1532,7294,833,97000,20000000,130000,0.0010053760853966232,0.75,0.045,0.07,5932,18592,21456
21567,8264,1593,9432,1194,98000,20000000,130000,0.0003700923931708333,0.75,0.045,0.07,6615,21502,25784
21567,1693,1181,1816,108,98000,20000000,130000,0.28876540577240617,0.75,0.045,0.07,3331,9228,9310
21567,4914,1536,5461,566,98000,20000000,130000,0.0027281825552509286,0.75,0.045,0.07,5131,15564,17873
21567,3707,1437,4075,345,98000,20000000,130000,0.00738136679298443,0.75,0.045,0.07,4488,13710,14665
21567,1943,1182,2111,125,98000,20000000,130000,0.12995149343859222,0.75,0.045,0.07,3455,10049,10084
21567,2296,1344,2481,147,98000,20000000,130000,0.0520850061724844,0.75,0.045,0.07,3790,10903,10888
21567,5733,4123,13142,6204,10000,20000000,130000,0.0520850061724844,0.75,0.045,0.07,12585,73613,74737
21567,1394,1036,1491,98,98000,20000000,130000,0.5246331135813284,0.75,0.045,0.07,3168,8829,8519
21567,2854,1325,3134,264,98000,20000000,130000,0.01981333734650907,0.75,0.045,0.07,4017,12074,12429
21567,6482,1546,7244,811,98000,20000000,130000,0.0010053760853966232,0.75,0.045,0.07,5817,18226,21249
21567,8415,1535,9540,1140,99000,20000000,130000,0.0003700923931708333,0.75,0.045,0.07,6609,21194,25430
21567,1681,1183,1805,106,99000,20000000,130000,0.28876540577240617,0.75,0.045,0.07,3302,9189,9265
21567,4810,1446,5344,490,99000,20000000,130000,0.0027281825552509286,0.75,0.045,0.07,5094,15829,17035
21567,3607,1373,3979,318,99000,20000000,130000,0.00738136679298443,0.75,0.045,0.07,4485,13536,14269
21567,1964,1181,2126,136,99000,20000000,130000,0.12995149343859222,0.75,0.045,0.07,3475,9920,9988
21567,2264,1262,2449,197,99000,20000000,130000,0.0520850061724844,0.75,0.045,0.07,3788,10704,11041
21567,1416,1068,1513,96,99000,20000000,130000,0.5246331135813284,0.75,0.045,0.07,3101,8741,8466
21567,5294,4413,11340,5098,10000,20000000,130000,0.5246331135813284,0.75,0.045,0.07,12473,68588,67565
21567,2889,1263,3117,248,99000,20000000,130000,0.01981333734650907,0.75,0.045,0.07,4012,11870,12454
21567,6312,1562,7066,830,99000,20000000,130000,0.0010053760853966232,0.75,0.045,0.07,5880,18627,21038
21567,8240,1437,9350,1178,100000,20000000,130000,0.0003700923931708333,0.75,0.045,0.07,6629,21217,25267
21567,1653,1123,1765,105,100000,20000000,130000,0.28876540577240617,0.75,0.045,0.07,3392,9079,9359
21567,4712,1419,5267,491,100000,20000000,130000,0.0027281825552509286,0.75,0.045,0.07,4917,16078,16825
21567,3558,1449,3951,321,100000,20000000,130000,0.00738136679298443,0.75,0.045,0.07,4350,13596,14133
21567,1979,1171,2148,135,100000,20000000,130000,0.12995149343859222,0.75,0.045,0.07,3471,9904,10025
21567,2169,1144,2355,180,100000,20000000,130000,0.0520850061724844,0.75,0.045,0.07,3534,10543,10386
21567,1482,1063,1579,77,100000,20000000,130000,0.5246331135813284,0.75,0.045,0.07,3191,8656,8601
21567,3007,1308,3259,233,100000,20000000,130000,0.01981333734650907,0.75,0.045,0.07,4106,11917,12560
21567,5663,3683,14287,7448,10000,20000000,130000,0.01981333734650907,0.75,0.045,0.07,12419,78727,80538
21567,408,285,21326,17618,1000,20000000,130000,0.01981333734650907,0.75,0.045,0.07,943,127727,128336
21567,6368,1436,7152,765,100000,20000000,130000,0.0010053760853966232,0.75,0.045,0.07,5825,18333,20915
21567,5001,2235,18038,11378,10000,20000000,130000,0.0010053760853966232,0.75,0.045,0.07,10495,95546,98547
21567,5191,1856,19000,12095,11000,20000000,130000,0.0003700923931708333,0.75,0.045,0.07,10641,97633,102460
21567,5489,4398,11751,5307,11000,20000000,130000,0.28876540577240617,0.75,0.045,0.07,12615,70036,69345
21567,5468,2992,16247,9199,11000,20000000,130000,0.0027281825552509286,0.75,0.045,0.07,11671,87635,89064
21567,5694,3502,14925,7985,11000,20000000,130000,0.00738136679298443,0.75,0.045,0.07,12306,81366,82967
21567,5580,4257,12307,5725,11000,20000000,130000,0.12995149343859222,0.75,0.045,0.07,12660,71403,70935
21567,5716,4250,12968,6226,11000,20000000,130000,0.0520850061724844,0.75,0.045,0.07,12850,73786,75074
21567,5372,4500,11128,4820,11000,20000000,130000,0.5246331135813284,0.75,0.045,0.07,12778,66521,66584
21567,5790,3896,13945,6887,11000,20000000,130000,0.01981333734650907,0.75,0.045,0.07,12741,77679,78456
21567,5172,2317,17735,10774,11000,20000000,130000,0.0010053760853966232,0.75,0.045,0.07,10834,94033,95949
21567,0,0,21567,18140,1000,20000000,130000,0.0010053760853966232,0.75,0.045,0.07,0,130000,130000
